"From","To"
1,3
1,4
3,1
3,2
3,5
5,2
5,6
7,8
8,7
8,9
8,19
8,14
9,460
9,1060
10,11
10,9
11,10
11,12
11,23
11,35
11,29
12,10
12,11
13,15
13,14
13,17
13,16
13,19
13,20
13,18
13,8
13,35
13,746
13,861
14,16
14,20
15,19
15,16
15,17
15,20
16,905
17,13
17,15
17,18
17,14
17,31
18,19
18,14
18,16
18,15
18,33
18,567
19,18
19,14
19,15
19,33
19,1052
20,14
20,15
20,19
20,8
20,1
22,12
22,16
22,37
23,25
23,21
25,23
25,29
25,19
26,29
26,13
26,35
26,9
27,10
27,31
27,13
27,18
28,27
28,26
28,29
29,26
29,27
29,28
29,32
29,38
29,12
29,328
30,7
30,22
30,34
30,27
30,36
31,29
32,34
32,33
32,35
32,9
32,38
32,28
32,1504
32,1569
32,1561
33,34
33,35
33,32
33,14
33,16
33,8
34,32
34,33
34,35
34,26
34,16
35,34
35,37
36,38
36,37
36,33
37,38
37,36
37,24
37,10
37,28
37,26
37,9
38,36
38,37
38,15
39,41
39,40
39,57
39,56
39,45
39,1035
39,713
39,1176
40,39
40,41
40,956
41,40
41,49
42,45
42,43
42,38
43,47
43,855
43,1685
44,47
44,55
45,56
45,54
45,1119
46,53
46,43
46,56
46,45
46,54
47,50
47,48
47,49
47,51
48,51
48,42
48,44
49,48
50,47
50,48
50,51
50,49
51,49
51,1279
51,364
52,53
52,54
52,42
53,52
53,54
53,39
53,47
54,52
54,53
55,39
56,55
56,58
56,57
56,59
56,204
56,1653
57,59
57,58
57,45
58,56
58,57
58,55
59,56
59,55
59,46
61,27
61,40
61,63
62,34
62,47
63,17
64,39
65,67
65,66
65,69
65,89
65,92
66,67
66,69
66,80
67,66
67,68
67,69
67,70
67,1373
68,67
68,65
68,74
68,73
68,70
68,80
68,636
69,67
69,88
70,72
70,71
70,73
70,81
70,84
70,86
70,69
70,1591
71,73
72,70
72,71
72,73
72,78
72,67
73,71
73,72
73,70
74,81
74,78
75,78
75,79
75,81
75,999
76,74
76,92
76,67
76,247
77,78
77,80
77,89
77,903
78,74
78,81
78,75
78,77
78,80
78,67
80,78
81,76
81,75
81,79
81,74
81,72
81,73
81,265
81,209
82,72
82,73
83,8
83,76
84,39
84,92
84,83
84,75
85,15
85,83
85,80
85,709
85,186
86,88
86,1550
87,89
87,88
87,86
87,77
87,84
88,89
88,87
88,82
88,586
89,87
89,88
90,88
90,87
90,91
90,70
91,91
91,1189
92,32
92,86
93,105
93,123
94,147
95,84
95,160
97,27
97,158
97,101
97,109
97,104
97,968
97,1099
97,1235
98,71
98,152
99,67
100,102
100,101
100,137
100,518
100,1698
101,102
101,100
101,141
101,593
101,251
102,100
102,152
102,130
104,38
105,110
105,112
105,159
106,116
106,111
106,98
107,117
107,120
107,109
107,1099
108,115
108,107
108,103
108,109
109,117
109,103
109,108
109,104
109,111
109,112
109,125
109,94
109,123
109,153
110,114
110,116
110,109
110,136
110,150
111,114
111,115
111,103
111,110
111,155
111,96
111,123
111,144
112,105
112,108
113,110
113,103
113,121
113,114
113,108
113,119
113,145
113,133
113,132
113,126
113,100
113,128
113,159
113,1709
114,130
115,116
115,121
115,109
115,128
115,1722
116,106
116,111
116,117
116,115
116,107
116,121
116,113
116,108
116,103
116,105
116,120
116,159
116,125
116,140
116,141
116,157
116,46
117,110
117,107
117,106
117,116
117,149
117,1242
118,105
118,1193
119,121
119,107
119,147
119,124
119,129
119,156
119,264
120,113
120,150
121,117
122,113
122,138
122,1440
123,100
124,125
124,115
124,153
125,24
125,147
125,142
125,101
125,834
126,127
126,129
126,128
126,675
127,126
127,128
127,129
127,158
127,183
128,127
128,126
128,129
129,127
129,126
129,128
129,101
129,111
129,136
129,100
129,133
129,125
129,149
129,1309
129,891
130,131
130,132
130,133
130,113
130,363
131,130
131,133
131,132
131,114
131,96
131,93
131,1656
131,1259
132,133
133,130
133,131
134,142
134,138
134,144
135,137
136,139
136,138
136,137
136,143
136,141
136,142
136,140
136,134
136,135
136,144
136,118
136,121
136,1485
137,136
137,143
137,142
137,98
139,136
139,143
139,141
139,144
139,142
139,134
139,140
139,137
139,135
139,100
139,148
139,146
139,120
139,101
139,677
140,136
140,144
140,143
140,159
140,123
140,656
140,1505
141,143
141,140
141,117
141,109
141,896
142,134
142,136
142,137
142,97
142,125
142,107
143,265
144,137
145,148
145,146
145,147
145,144
145,118
145,125
145,1576
145,415
146,148
146,147
146,151
147,148
147,145
148,145
149,150
149,151
150,151
150,149
150,487
151,150
151,149
151,130
151,114
152,2
152,114
152,146
152,93
153,9
153,114
153,144
153,356
154,156
154,155
154,157
155,156
155,154
155,152
155,150
155,922
156,154
156,157
156,155
156,145
156,579
157,156
157,155
157,93
158,160
158,159
158,1658
159,160
159,158
159,115
159,124
160,151
161,162
161,172
161,251
162,21
162,182
163,234
163,215
163,245
164,168
164,204
164,240
164,210
164,1337
164,653
165,170
165,210
166,167
166,169
166,164
166,165
167,180
168,177
168,244
169,168
169,170
170,167
170,165
170,166
170,168
170,164
170,169
170,228
170,257
170,187
170,236
170,196
170,17
171,172
171,638
172,173
172,171
172,174
173,174
173,172
173,1000
174,173
174,231
174,237
174,176
176,185
176,177
177,187
177,188
177,163
177,657
178,181
178,184
178,182
179,182
179,186
179,189
179,185
179,176
179,166
179,1456
180,187
180,228
180,227
181,176
181,171
181,1551
182,181
183,181
183,179
183,176
183,189
183,164
183,247
183,243
183,218
183,248
184,186
184,178
184,188
184,247
184,191
184,473
185,184
185,181
185,187
185,202
185,934
186,181
186,188
186,182
186,178
186,184
186,185
186,243
186,235
186,174
186,86
187,188
187,183
187,178
187,171
187,952
188,186
188,183
188,180
188,198
188,540
189,176
190,191
190,192
190,205
191,190
191,192
191,240
191,1001
192,190
192,191
192,209
192,205
192,178
192,1553
193,196
193,194
195,196
195,193
195,197
195,244
195,88
196,195
197,193
197,196
198,200
198,201
198,203
198,199
198,204
198,202
198,165
198,983
199,228
199,560
200,199
200,198
200,202
200,203
201,202
202,199
202,204
202,203
202,245
202,162
203,204
203,200
203,201
203,186
203,190
204,199
204,202
204,201
204,198
204,164
204,186
204,187
204,171
205,210
205,244
205,242
205,1264
206,208
206,214
207,206
207,205
207,210
207,195
207,259
208,211
208,207
208,210
208,209
208,172
209,210
209,206
209,230
209,234
210,205
210,206
210,209
210,211
210,208
210,207
210,173
210,248
211,207
211,205
211,206
211,208
211,210
211,209
211,180
211,1276
212,214
212,213
213,214
213,212
213,199
213,183
213,172
213,197
214,213
214,212
214,254
214,1699
214,88
216,20
218,35
218,187
218,195
218,247
218,234
218,173
218,190
219,220
219,222
219,235
219,344
219,1386
220,222
220,243
220,232
220,236
221,222
221,220
221,173
222,220
222,219
222,221
222,248
222,255
222,169
222,211
223,225
223,224
223,183
223,164
223,253
223,184
223,64
224,223
224,213
225,224
225,223
225,198
225,187
225,235
227,187
228,231
228,230
228,243
229,231
229,230
230,231
230,229
230,175
230,1475
231,228
231,230
232,453
234,170
234,190
235,181
235,163
237,239
237,238
237,236
237,226
237,935
237,1504
237,1341
240,242
240,199
240,835
241,240
241,242
241,199
241,197
241,191
241,186
241,161
242,241
242,240
242,663
243,41
243,203
243,235
243,214
243,1267
244,192
245,246
245,247
245,181
245,242
246,245
246,247
246,203
246,184
246,196
247,245
247,246
247,211
247,239
247,576
248,252
248,253
248,250
248,251
248,195
249,251
249,253
249,248
249,204
249,1019
250,249
250,251
250,174
250,1461
250,1477
252,186
253,252
253,250
253,248
253,249
253,224
253,175
253,199
253,208
254,256
254,255
254,257
254,190
254,220
254,210
255,254
255,257
255,245
255,185
255,223
256,209
260,261
260,672
260,1497
261,259
261,260
261,249
262,265
262,851
263,264
263,265
263,262
263,1254
263,845
263,852
264,263
264,262
264,265
264,18
265,262
265,285
266,272
266,268
266,267
266,270
266,269
266,271
266,306
266,307
266,265
267,268
267,266
267,271
267,278
267,299
267,1335
268,270
269,270
269,299
269,304
270,272
270,286
270,287
270,736
271,270
272,290
273,278
273,279
273,289
273,229
273,45
274,279
274,273
274,275
274,276
274,264
275,279
275,277
275,493
277,276
277,304
277,271
277,113
278,274
278,273
278,275
278,277
278,276
278,279
278,287
279,294
279,309
279,304
280,283
280,281
280,282
280,292
280,300
280,270
280,262
281,283
281,280
281,282
282,283
282,280
282,281
282,287
282,289
283,281
283,280
283,282
285,110
285,291
285,280
286,127
286,263
287,278
287,1408
288,261
288,276
289,67
289,296
289,277
290,216
290,486
292,296
292,1578
293,300
293,471
294,296
294,292
294,264
294,308
295,293
295,296
295,294
295,273
295,308
295,270
295,269
295,286
296,292
296,293
296,295
296,294
296,284
296,305
296,308
296,1424
298,299
298,297
298,301
298,265
299,301
299,297
299,298
299,271
299,1285
300,299
301,299
301,305
301,283
301,363
303,264
303,285
303,1645
303,318
304,308
304,306
304,305
305,285
305,291
306,307
306,266
307,309
307,306
307,308
307,305
307,304
307,293
308,306
308,307
308,304
308,309
308,305
308,268
309,304
309,286
310,312
310,313
310,329
311,312
311,313
311,339
311,1473
312,313
312,310
312,322
312,358
312,320
312,689
313,311
313,312
313,310
313,344
313,319
314,13
314,318
314,1260
314,64
314,1028
315,220
315,327
316,275
316,323
316,327
317,176
317,350
317,238
317,1283
318,184
319,321
320,322
320,321
321,320
321,322
321,346
321,323
321,349
321,319
321,358
321,334
321,341
321,1089
321,618
321,1170
322,320
322,321
322,275
323,311
324,325
324,328
324,309
326,327
326,331
326,347
327,323
327,326
327,324
327,345
327,338
327,318
327,342
328,324
328,323
328,327
328,351
329,330
329,331
329,321
329,856
329,732
330,329
330,331
330,340
330,316
330,312
330,336
330,363
330,585
331,330
331,836
333,335
333,337
333,340
333,822
333,386
334,332
334,335
334,337
334,333
334,336
334,358
334,687
335,336
335,333
335,334
335,330
335,310
335,352
336,335
336,337
336,333
336,334
336,332
336,346
336,316
337,332
337,335
337,313
337,356
337,1178
338,20
338,346
338,348
338,1454
341,257
341,345
342,344
343,344
344,342
344,343
344,346
344,18
344,915
345,347
345,379
346,348
346,328
346,341
347,345
347,346
347,1176
349,347
349,324
350,356
350,344
350,330
350,601
353,359
353,683
354,358
354,350
354,326
354,324
354,321
354,438
355,358
355,354
355,351
355,352
355,357
355,359
355,356
355,340
355,1554
357,356
357,351
357,354
357,358
358,357
358,354
358,353
358,359
358,350
358,356
358,351
358,355
358,352
358,325
358,344
358,343
358,326
359,351
359,1485
360,127
360,373
360,400
361,190
361,381
361,389
361,393
361,744
363,364
363,199
364,363
364,362
364,365
364,39
364,355
365,375
366,371
366,365
366,369
366,368
366,373
366,367
366,370
366,372
366,280
366,914
367,366
367,371
367,400
367,384
368,390
368,374
368,228
369,367
369,377
369,172
369,776
370,369
370,368
371,370
371,382
372,367
372,368
372,366
372,370
372,369
372,371
372,373
372,365
372,381
372,401
372,382
373,370
373,365
373,367
374,375
374,377
374,376
374,399
375,376
376,374
376,375
376,377
376,384
376,382
377,376
377,375
377,374
377,76
377,1581
378,381
379,378
379,382
379,380
379,393
381,378
381,382
381,380
381,402
382,378
382,381
382,380
382,379
382,374
382,366
382,393
383,387
384,389
384,385
384,387
384,361
384,405
384,520
385,389
385,386
385,398
385,395
385,364
386,384
386,387
386,388
386,381
387,383
387,385
387,389
387,386
387,388
387,384
387,367
387,380
387,375
387,371
387,369
387,392
387,651
387,245
389,383
389,385
389,386
389,387
389,384
389,388
389,403
389,405
389,404
389,366
389,1391
390,394
390,392
390,376
390,398
391,365
392,394
393,391
394,392
394,390
394,391
394,362
395,401
395,398
396,398
396,399
396,372
396,366
397,396
397,368
398,400
398,397
398,395
398,366
398,373
399,396
399,398
399,405
399,365
399,385
399,1631
400,395
400,128
401,400
401,399
401,1443
402,403
402,406
402,404
402,405
402,367
402,302
403,402
403,406
403,404
403,367
404,405
404,398
405,403
405,404
405,402
405,406
405,378
405,390
405,374
405,377
406,403
406,402
407,408
407,410
407,409
408,407
408,409
408,410
409,407
409,408
409,410
409,513
409,932
410,407
410,409
410,408
410,513
410,413
410,427
411,373
411,508
412,59
413,416
413,415
413,414
413,418
413,420
413,525
413,432
413,467
413,1312
413,1516
414,417
414,416
414,413
414,429
414,431
414,495
414,710
415,414
415,537
415,412
415,529
415,118
417,415
418,419
418,415
418,416
418,489
418,410
418,554
418,544
418,774
419,414
419,483
420,419
420,412
421,422
421,423
421,504
421,484
421,432
423,421
423,422
423,461
423,526
423,523
424,425
424,428
424,426
424,536
425,429
425,426
425,424
425,475
425,557
426,438
427,425
427,424
427,428
427,426
427,429
427,555
427,498
427,414
427,1068
428,429
428,427
428,426
428,424
428,425
428,510
428,484
429,424
429,428
429,425
429,427
429,546
429,440
430,431
430,434
430,433
430,432
430,526
430,421
431,433
431,432
431,430
431,415
431,508
431,417
431,1651
432,433
432,538
432,423
432,488
432,532
433,431
433,434
433,430
433,432
433,505
433,280
434,433
434,432
434,430
434,431
434,428
434,85
435,437
435,436
435,691
436,437
436,435
436,546
437,436
437,480
437,551
439,442
439,438
439,483
440,443
440,461
441,440
441,439
441,472
442,487
444,446
444,445
444,558
444,489
445,446
445,943
445,1334
446,448
447,448
447,449
447,452
447,451
447,421
447,526
448,415
448,498
449,452
449,447
449,448
449,522
449,1561
449,668
449,1268
450,452
450,448
450,451
450,509
450,490
451,450
452,447
453,456
453,457
453,455
454,461
454,453
454,460
454,457
454,458
454,455
454,459
454,456
454,500
454,466
454,288
455,456
455,553
455,425
455,1406
455,1271
456,458
456,454
456,453
457,453
457,456
458,461
458,454
458,455
458,459
458,344
459,456
460,459
460,456
460,455
460,461
460,458
460,535
460,513
460,526
460,641
461,460
461,778
462,479
462,217
463,464
463,462
463,449
464,463
464,450
464,960
465,466
465,467
465,468
465,535
465,428
465,544
466,465
466,468
466,467
466,1679
467,466
467,465
467,468
467,490
467,547
467,554
467,551
467,528
467,549
467,1202
468,465
468,467
468,431
468,1245
469,520
469,438
469,484
469,485
469,500
469,1009
469,170
469,591
470,472
470,475
470,474
470,473
470,471
470,484
470,172
470,639
471,440
471,434
471,490
471,926
472,473
472,470
472,471
472,462
472,485
473,471
473,474
473,470
473,527
473,215
474,475
474,472
474,473
474,470
474,548
475,471
475,470
475,497
475,535
475,567
476,558
476,555
476,959
478,479
478,482
478,410
478,533
479,477
479,483
479,484
479,481
480,481
480,479
480,483
480,482
480,478
480,511
480,528
480,868
481,483
481,480
481,477
481,445
481,1088
482,483
482,479
482,478
482,480
482,481
482,516
482,554
482,422
483,482
484,483
484,478
484,481
484,479
484,477
485,491
485,504
486,432
486,642
487,490
487,485
487,473
487,713
489,487
489,491
489,490
489,488
489,597
490,486
490,491
490,485
490,488
490,478
490,1719
490,1086
491,489
491,487
491,490
491,488
491,417
492,256
492,515
492,540
492,541
492,1045
493,217
493,489
493,475
493,450
493,1086
494,497
494,496
494,498
495,499
495,497
495,273
495,1414
496,494
496,499
496,497
496,411
496,471
496,434
496,216
497,495
497,496
497,494
497,499
498,497
498,496
498,493
498,532
498,508
498,442
500,271
500,530
500,529
500,486
500,513
501,43
501,469
501,377
502,505
502,506
502,504
502,503
502,508
502,507
502,531
502,468
502,658
503,507
504,508
504,505
504,506
504,502
504,414
504,407
504,532
504,456
505,502
505,507
505,504
505,503
505,520
505,1714
505,1517
506,507
506,508
506,505
506,502
506,431
506,469
506,551
506,476
506,1212
507,506
507,504
507,502
507,503
507,508
507,464
507,423
507,531
508,502
509,510
509,512
509,511
509,465
509,503
509,528
509,498
509,365
510,511
510,513
510,512
510,509
510,559
510,479
510,506
510,1560
511,514
511,510
511,509
511,513
511,512
511,525
511,482
512,510
512,514
512,513
512,509
512,207
514,509
514,487
514,547
514,1028
515,518
515,519
515,516
515,517
515,532
515,511
515,439
515,497
515,398
515,1014
516,517
516,518
516,515
517,516
517,1079
517,1680
518,519
518,517
518,515
518,516
518,450
518,473
518,446
518,479
518,501
518,461
518,539
518,558
518,1651
519,517
519,518
520,521
520,453
521,520
521,523
521,488
522,524
522,521
522,554
523,524
523,520
523,522
523,473
524,506
524,1689
525,527
525,528
525,529
525,526
525,558
525,459
525,550
525,442
525,1709
526,525
526,527
526,528
526,558
527,529
527,528
528,529
528,527
528,525
528,526
528,438
529,527
530,531
530,532
530,1574
531,533
531,532
531,530
531,508
531,517
531,542
531,488
531,459
531,1603
531,1455
532,533
532,530
532,507
532,558
532,513
533,532
533,531
533,530
534,535
534,536
535,534
535,536
535,454
535,802
536,276
537,446
537,4
538,359
539,177
540,542
540,545
541,548
541,545
541,542
541,547
541,546
541,544
541,533
541,412
541,407
541,12
542,540
542,544
542,546
542,541
542,547
542,407
542,411
543,548
543,547
543,541
544,543
544,545
545,544
545,546
545,543
545,547
545,450
545,480
545,507
545,538
545,711
546,540
546,415
547,545
547,541
547,465
547,446
548,546
548,543
548,521
548,430
549,516
549,85
550,471
550,542
551,253
552,554
552,538
552,528
552,507
552,806
553,557
553,440
553,470
554,556
554,552
554,426
556,555
556,554
556,467
556,479
557,556
557,555
557,553
557,1034
558,420
559,467
559,1549
561,562
561,566
561,572
561,570
561,569
562,564
562,561
562,567
562,580
562,568
562,560
562,752
562,1504
562,603
563,564
563,562
563,561
565,573
565,572
566,563
566,567
566,576
566,578
567,565
567,563
567,1733
568,576
569,562
571,570
571,578
571,564
571,1121
572,573
572,574
572,564
572,563
572,1436
573,569
573,579
574,570
574,572
574,576
574,575
574,564
574,560
574,563
574,1520
575,573
575,565
576,577
576,567
576,578
576,372
576,1192
576,941
577,580
577,578
577,579
578,577
578,581
578,579
578,580
578,574
578,562
578,743
579,577
579,578
579,581
579,573
579,569
580,577
580,578
580,568
580,567
580,562
581,577
581,580
581,578
581,1662
582,565
582,564
583,588
583,681
583,618
584,588
584,589
584,583
584,586
584,682
584,619
584,630
584,799
585,589
585,590
585,622
585,628
585,1583
585,377
586,588
586,589
586,584
586,587
586,583
586,664
586,600
586,613
586,1658
587,588
587,589
587,590
587,585
587,620
588,585
588,587
588,586
588,621
588,676
588,640
588,973
590,587
590,586
590,588
590,634
590,615
591,594
592,595
592,593
592,978
593,595
593,594
593,592
593,591
593,646
593,648
594,593
596,643
596,585
596,644
596,658
596,659
597,61
597,637
597,15
598,558
598,608
598,42
598,1704
599,621
599,649
599,327
599,54
600,602
600,604
600,603
600,676
600,652
600,1368
600,1261
601,602
601,603
601,666
601,634
601,612
602,603
602,601
602,604
602,600
602,649
602,585
602,295
603,601
603,600
603,602
603,604
603,592
603,661
603,631
604,600
605,487
605,600
606,599
606,610
606,663
607,660
607,682
608,620
608,613
608,592
608,1694
608,865
609,295
609,621
609,602
609,1537
610,130
610,605
610,590
610,653
610,1145
610,279
611,613
611,615
611,614
612,614
612,611
612,615
612,613
612,609
612,583
613,556
614,612
614,615
614,613
615,612
615,614
615,613
615,618
616,620
616,617
616,619
616,618
616,594
616,679
616,590
616,595
617,620
617,616
617,619
617,618
617,677
617,663
617,650
617,1692
618,619
618,616
618,617
618,620
618,625
618,664
619,620
619,655
619,439
620,616
620,618
620,649
620,327
621,623
621,622
621,596
622,406
622,73
623,622
624,628
624,641
624,585
624,612
624,730
625,629
625,624
625,627
626,628
626,627
626,625
626,624
626,640
627,626
627,624
627,625
627,629
627,674
627,1513
627,301
628,627
628,1672
629,627
629,626
629,628
629,625
629,624
629,638
629,642
629,635
629,607
629,453
630,674
630,607
631,454
632,634
632,635
632,633
632,4
632,467
633,634
633,630
633,621
634,632
634,633
634,262
635,633
635,632
635,634
636,637
636,638
637,636
637,638
638,636
638,637
638,601
639,642
639,731
640,643
640,621
640,591
640,266
641,640
641,639
641,642
641,613
642,640
642,641
642,643
642,639
642,672
643,639
643,642
643,640
643,641
643,655
643,939
644,606
644,639
645,610
645,1074
646,645
646,647
646,593
646,618
647,645
648,32
648,626
648,588
649,157
650,652
650,651
650,634
650,660
650,791
651,650
651,652
652,650
652,651
653,654
653,655
653,640
653,679
653,603
653,666
653,673
653,549
653,954
654,653
654,655
654,640
654,1681
655,653
655,654
655,617
655,622
655,1075
656,660
656,658
657,660
657,637
658,660
658,682
659,658
659,661
659,656
659,662
659,657
659,604
659,666
659,641
659,1308
659,147
660,657
660,630
660,622
660,612
660,598
661,659
661,660
661,662
661,657
661,656
661,658
661,592
661,633
661,672
662,657
662,658
662,659
663,658
663,599
663,24
664,669
664,671
664,668
664,665
664,666
664,670
664,667
664,655
664,681
664,1271
665,666
665,664
665,649
665,584
665,1159
665,327
666,667
666,671
666,825
666,233
667,666
667,671
667,669
667,670
667,665
667,668
667,664
667,603
667,176
668,670
668,671
668,590
668,629
668,344
669,671
669,667
669,665
669,659
669,1659
670,671
670,668
670,664
670,665
670,666
670,669
670,596
670,674
670,590
670,1086
671,664
671,1166
672,674
672,583
673,674
673,669
673,620
675,673
676,679
677,679
677,676
677,610
677,666
678,677
678,682
678,680
678,681
678,592
678,659
678,238
679,677
679,682
679,680
679,584
679,670
679,671
679,268
680,682
680,600
680,649
681,680
682,681
682,651
682,588
682,626
682,1310
682,857
683,686
683,684
683,698
684,683
684,685
684,686
684,687
684,706
684,699
684,690
684,724
684,195
685,687
686,687
686,683
686,685
686,684
686,717
686,704
686,722
687,683
687,531
688,690
688,705
689,693
689,692
689,694
690,692
690,694
690,688
690,693
691,689
691,688
691,722
691,704
692,694
693,688
693,690
693,692
693,111
694,688
695,696
695,698
695,686
696,938
697,695
697,696
697,698
697,700
698,697
698,695
698,696
698,718
698,713
698,720
698,702
698,690
698,709
698,50
699,687
700,10
700,724
701,702
701,703
701,710
701,698
701,99
702,703
702,701
702,690
703,701
704,1412
705,708
705,711
705,700
705,701
705,1672
706,708
706,705
706,710
706,709
706,687
706,704
706,864
706,1393
707,710
707,722
708,709
708,726
708,716
708,1464
708,17
709,705
709,700
709,690
709,693
710,708
710,709
710,721
710,726
710,1548
710,1610
711,707
712,714
712,715
712,713
712,692
713,712
713,715
713,714
713,711
713,720
713,281
713,1312
714,713
714,712
714,715
714,685
714,694
714,748
715,713
716,721
716,718
716,689
716,714
716,690
716,708
717,720
717,718
717,723
717,705
718,723
718,717
718,722
718,716
718,719
718,721
718,720
718,699
718,710
718,1622
718,1311
719,722
719,721
719,709
721,722
722,716
722,721
722,717
722,686
722,690
723,716
723,705
724,725
724,726
724,233
725,724
725,726
725,710
726,725
726,711
726,700
726,708
726,691
726,245
728,727
728,752
729,731
729,733
729,751
729,732
730,727
730,728
730,731
731,729
731,727
731,728
731,730
731,736
731,1005
731,634
731,1487
731,800
732,747
732,730
733,735
733,737
733,738
733,249
734,754
735,734
735,733
735,736
735,1317
736,735
736,101
737,733
738,577
738,742
738,1414
739,608
740,759
740,741
740,758
740,742
742,743
742,745
742,744
742,736
743,742
743,746
743,741
743,745
745,741
745,743
745,753
745,750
746,744
746,741
746,745
746,742
746,743
747,752
747,754
747,734
748,753
748,751
749,754
749,753
749,748
750,754
750,749
750,748
750,751
750,739
751,749
751,748
751,747
751,750
751,753
751,754
751,739
752,741
752,743
752,758
752,730
752,760
753,749
753,747
753,748
753,751
753,754
753,752
753,740
753,739
753,733
754,753
754,750
754,751
754,749
755,402
756,78
756,749
757,759
757,758
757,731
758,759
758,757
759,758
759,757
759,736
759,1549
760,666
760,758
761,525
762,763
762,764
763,762
763,774
763,773
763,785
763,778
763,776
763,777
764,762
764,763
764,771
764,767
764,773
765,766
765,779
765,785
765,774
765,871
766,768
766,765
767,773
767,1183
768,767
769,765
769,768
769,766
769,767
769,774
769,776
769,762
769,1596
770,407
770,778
770,767
770,773
770,488
771,430
771,773
772,776
772,773
772,774
772,775
772,783
772,675
773,772
773,785
773,769
773,1498
774,773
774,786
774,762
775,785
775,783
776,775
777,778
777,779
777,774
777,769
777,784
778,777
778,779
778,767
778,461
779,777
779,778
779,1410
779,85
780,95
780,787
781,294
781,763
781,783
781,785
781,774
782,774
782,764
782,762
782,672
782,825
782,668
783,785
783,784
784,783
784,785
784,773
785,783
785,771
786,83
787,413
787,762
787,1172
788,529
788,849
788,1722
789,628
790,792
790,791
791,792
791,790
791,836
791,816
792,790
792,791
792,795
792,805
792,854
792,746
793,795
793,797
794,797
794,795
795,796
795,793
795,802
796,806
796,826
797,798
797,793
797,796
797,799
797,803
799,796
799,798
799,797
799,791
799,1641
799,413
800,803
800,801
800,802
800,853
800,836
800,647
801,802
801,803
801,857
803,801
803,800
804,798
804,1090
805,806
805,804
805,831
805,822
805,812
805,601
806,805
806,804
806,833
806,834
807,810
807,808
807,809
807,854
807,843
807,805
807,956
808,809
808,844
808,803
808,805
808,818
808,1435
809,808
809,807
809,810
809,801
809,834
809,799
809,1553
810,839
810,814
810,1330
812,250
812,1021
813,814
813,811
813,812
813,815
813,800
813,827
814,830
815,814
815,812
815,813
815,811
815,809
817,819
817,818
818,817
818,816
818,90
819,817
820,824
820,823
820,821
820,807
820,817
820,1548
821,823
821,824
821,840
822,825
822,820
822,824
822,823
822,821
822,828
822,1706
822,873
823,822
824,822
825,823
825,821
825,820
826,831
826,829
827,826
827,842
827,819
827,843
827,785
828,827
829,853
830,827
830,828
830,826
830,832
830,788
830,1159
831,828
831,826
831,528
832,828
833,835
833,836
833,834
833,857
834,835
834,836
834,833
834,823
834,814
834,811
834,854
834,822
834,798
834,820
835,833
835,856
835,169
836,1119
836,1471
838,842
839,842
839,845
839,841
839,844
839,816
840,841
841,838
841,839
841,798
841,799
841,817
842,839
842,844
842,845
842,843
842,840
843,844
843,839
843,1591
844,839
844,842
845,838
845,843
846,848
846,849
846,469
847,846
848,849
848,847
848,852
848,846
848,851
849,848
849,850
849,826
849,1496
849,430
850,848
850,847
851,848
851,852
852,848
854,856
854,858
855,857
855,858
855,854
855,856
855,804
855,793
856,854
856,857
856,855
856,858
857,858
857,854
857,855
857,856
857,851
857,382
858,854
858,855
858,857
858,856
859,278
859,872
860,551
860,869
860,864
860,862
860,870
860,861
861,862
862,864
862,861
862,863
862,859
862,865
862,860
862,866
862,49
863,861
863,862
863,864
863,859
863,868
863,274
864,870
865,84
865,860
865,871
865,870
867,868
867,864
867,862
868,869
868,870
868,872
868,871
868,867
868,859
869,871
869,870
869,867
869,861
870,862
870,463
870,173
871,867
871,870
871,872
871,861
871,1206
872,870
872,871
872,868
872,860
872,859
872,865
872,863
873,874
873,877
873,923
873,814
874,875
875,876
875,877
875,873
875,874
875,900
876,875
876,927
877,876
877,874
878,880
878,881
878,879
878,899
879,889
879,885
879,1003
880,884
881,880
881,878
881,879
881,924
881,893
882,913
882,909
882,1001
884,885
884,886
884,887
884,917
884,879
885,884
885,886
885,916
886,238
887,885
888,893
888,895
888,886
889,888
889,891
889,924
889,879
890,889
890,895
890,888
890,894
890,892
890,893
890,884
891,893
892,889
892,890
892,895
892,891
892,894
892,888
892,893
892,86
893,894
893,889
893,892
894,906
895,890
895,889
896,277
896,898
896,910
897,527
897,925
898,902
898,904
898,881
899,900
899,904
899,902
899,1256
900,901
900,898
900,903
900,884
900,889
902,899
902,900
902,903
903,900
903,902
903,901
903,852
904,898
904,879
905,426
906,329
906,911
906,878
907,658
907,925
908,588
908,881
909,912
909,910
909,881
909,889
909,878
910,909
911,909
912,911
912,887
912,1344
913,910
913,912
913,909
913,911
913,907
913,905
913,873
913,929
914,915
914,917
914,916
914,887
914,882
915,914
915,916
915,917
916,914
916,915
916,917
916,920
916,885
916,876
916,1616
917,916
917,915
917,914
917,880
917,884
917,904
917,912
918,921
919,918
919,922
919,883
919,895
919,902
920,919
920,918
920,921
921,922
921,919
921,918
921,920
921,902
921,774
922,920
922,919
922,921
922,877
923,899
923,900
923,921
923,914
924,474
925,926
925,927
925,629
927,890
928,589
928,918
928,922
928,873
928,579
928,1067
929,897
930,932
930,942
930,806
931,930
932,933
932,935
932,934
932,931
932,930
933,935
933,932
934,932
934,931
934,935
934,930
934,946
934,936
934,937
934,1474
935,931
935,930
935,933
935,932
935,939
935,937
935,943
936,941
936,947
936,513
937,103
937,1693
938,44
940,939
940,936
941,944
941,943
941,945
941,942
941,939
941,940
941,931
941,938
941,947
941,1263
942,941
942,947
942,1586
943,944
943,941
943,937
944,942
944,288
945,941
945,939
948,951
949,953
949,952
949,951
949,948
949,957
949,955
950,948
952,950
952,951
952,957
953,951
953,952
953,950
953,949
953,954
953,956
953,955
953,1279
954,951
954,952
954,948
954,953
954,958
954,955
955,956
955,954
956,955
956,957
956,950
956,953
958,956
958,957
958,543
960,182
961,151
961,960
961,969
961,1205
962,836
963,964
963,966
963,967
963,965
963,960
963,968
964,965
964,967
964,966
964,963
964,968
964,962
964,489
965,964
965,963
965,966
965,967
965,968
966,965
966,963
966,964
966,967
966,962
966,968
966,961
966,969
966,960
967,964
967,965
967,966
967,1010
967,738
968,151
968,965
969,820
969,959
969,965
969,967
969,962
969,604
969,1153
970,971
970,974
970,973
970,972
970,989
971,973
971,974
971,970
971,972
971,995
971,133
972,970
972,973
972,971
973,972
973,974
973,970
973,971
973,983
973,978
973,950
974,971
974,973
974,970
974,991
974,999
975,977
975,979
976,979
976,980
976,978
976,1626
977,980
977,979
977,976
977,975
977,972
978,980
978,976
978,970
978,992
978,981
978,991
978,996
978,1283
979,978
980,976
980,982
980,918
981,983
981,984
981,987
981,975
983,982
983,981
983,984
984,981
984,982
985,986
985,988
985,987
985,999
985,918
986,990
986,988
986,985
986,970
986,976
987,986
987,990
987,985
987,988
987,989
987,976
987,999
987,1152
987,705
988,991
989,987
989,990
989,986
989,972
989,169
990,989
990,986
990,985
990,988
990,1000
990,974
990,993
991,992
991,993
991,973
991,1693
992,993
992,991
992,978
992,984
992,983
993,992
993,991
993,997
993,1310
994,998
994,997
994,995
994,981
994,986
995,998
995,975
995,508
996,997
996,998
996,995
996,994
996,990
996,979
996,970
996,974
996,980
996,982
997,1000
998,996
998,994
998,995
998,997
998,1000
998,989
999,695
999,970
999,986
999,997
1000,749
1000,995
1001,1016
1001,1026
1001,43
1002,981
1002,1038
1002,1003
1002,915
1003,1006
1003,1004
1003,1005
1003,1218
1004,1003
1005,1006
1005,1004
1005,1003
1005,1046
1005,1008
1005,1310
1006,1005
1008,1010
1009,1008
1009,1007
1009,1010
1009,1033
1009,1429
1010,1008
1010,1015
1011,1012
1012,1014
1012,1015
1012,1013
1012,1021
1012,214
1013,1039
1013,163
1014,1004
1015,1014
1015,360
1016,1018
1016,1017
1016,1015
1016,1265
1018,1017
1018,1016
1018,1004
1018,1039
1018,1014
1019,1020
1019,1021
1019,1043
1019,1024
1019,1022
1019,1010
1019,1008
1020,1019
1020,1021
1020,1025
1020,1052
1020,1152
1021,1019
1021,1020
1022,1025
1022,1026
1022,1023
1022,1024
1022,1033
1022,1003
1022,1044
1022,1017
1022,657
1022,44
1023,1025
1023,1022
1023,1026
1023,1024
1023,1043
1023,1020
1024,1026
1024,1046
1024,1427
1025,1023
1025,1024
1025,1022
1025,1026
1025,1012
1025,225
1026,1023
1026,1024
1026,1034
1026,699
1026,213
1027,1033
1027,1030
1027,1049
1028,1050
1029,1034
1029,1032
1029,1030
1029,1028
1029,1027
1029,1035
1029,1048
1029,1050
1029,1007
1029,868
1030,1036
1030,1023
1030,1046
1031,1036
1031,1030
1031,1032
1031,1035
1032,1035
1033,1036
1033,1030
1033,1027
1033,1034
1034,1032
1036,1027
1036,1028
1036,1033
1036,1018
1036,1009
1036,40
1037,1039
1037,1038
1037,1006
1037,1050
1037,1035
1037,1028
1037,1004
1037,1033
1037,198
1037,1460
1039,1037
1039,771
1040,534
1041,312
1041,757
1042,1003
1043,1044
1043,1045
1043,1042
1043,1018
1044,1043
1044,1042
1044,1045
1044,1030
1044,1026
1044,1003
1044,1025
1044,1027
1044,1034
1044,1584
1045,1042
1046,1047
1047,1048
1047,1046
1047,1041
1047,1013
1047,1555
1047,81
1047,1101
1047,289
1048,1046
1048,1047
1048,770
1049,914
1049,1007
1049,174
1050,543
1050,1041
1051,15
1051,1061
1051,1054
1051,1055
1051,1059
1052,1055
1053,900
1053,1057
1054,701
1054,1062
1055,1058
1055,1056
1055,1057
1056,1057
1056,1055
1056,1060
1056,1053
1057,1058
1057,1063
1057,281
1057,1171
1058,1056
1058,1057
1058,1055
1058,1063
1058,1052
1059,1062
1060,1056
1061,1062
1061,1059
1061,1060
1062,1063
1063,1059
1064,492
1064,990
1065,1033
1065,1112
1065,1084
1065,1075
1066,1067
1066,1068
1066,1070
1066,1069
1067,1068
1067,1070
1067,1069
1067,1066
1067,1083
1067,1072
1068,1069
1068,1067
1068,1070
1068,1066
1068,663
1069,1066
1069,1067
1069,1080
1069,1102
1069,1094
1069,1289
1069,588
1070,1107
1070,1080
1071,1074
1071,1075
1071,1072
1071,1076
1071,1073
1071,1077
1072,1076
1072,1074
1072,1075
1072,1079
1072,1096
1073,1071
1073,1076
1073,1074
1073,1072
1073,1075
1073,619
1074,1075
1074,1072
1074,1073
1074,1071
1074,1076
1074,1127
1076,1071
1076,1073
1076,1075
1076,1072
1076,1074
1076,1136
1077,1080
1077,1079
1077,1082
1077,1091
1078,1081
1078,1077
1078,1080
1078,1079
1078,1084
1078,1086
1078,768
1078,1551
1079,1077
1079,1081
1079,1080
1079,1078
1079,1083
1079,928
1079,478
1080,1078
1080,1079
1080,1077
1080,1081
1080,1101
1080,1067
1080,1104
1080,34
1080,1370
1081,1078
1081,1079
1081,1080
1081,1106
1082,335
1082,1092
1083,1090
1084,1087
1084,1081
1084,1078
1085,1087
1085,1084
1085,1086
1085,1113
1085,1108
1085,1080
1085,1066
1085,414
1086,1272
1087,1072
1088,1093
1088,1095
1088,1092
1088,1659
1089,1096
1089,1095
1089,1091
1090,1092
1090,1074
1090,1104
1090,1111
1090,1655
1091,1092
1091,1089
1091,1546
1092,1088
1092,1093
1092,1091
1092,1095
1092,1090
1092,1089
1092,1094
1092,1096
1092,1078
1092,1074
1092,1066
1092,1099
1092,1071
1092,1081
1092,1111
1092,265
1092,1478
1092,615
1093,1091
1093,1088
1093,1095
1093,1089
1093,1106
1094,1088
1094,1091
1094,1096
1094,1104
1095,1001
1096,1092
1096,1091
1096,1094
1096,1088
1096,1095
1096,1093
1096,1089
1096,1090
1096,915
1097,1099
1097,1098
1097,1086
1097,1106
1097,1091
1097,1067
1098,1097
1098,1101
1099,1097
1099,1065
1099,1431
1100,1102
1100,1103
1100,1101
1101,1102
1101,1103
1101,1100
1101,1105
1102,1103
1102,1100
1102,1110
1102,1109
1102,1114
1102,1087
1102,1082
1103,1086
1103,1098
1104,1069
1105,1107
1105,1106
1106,1105
1106,1107
1106,1077
1106,1101
1107,1105
1107,1106
1108,1110
1109,1108
1109,1110
1109,1091
1109,1613
1110,1108
1110,1109
1110,1103
1110,1099
1111,1113
1111,1114
1111,1112
1111,1070
1112,1113
1112,1111
1112,1114
1112,1085
1112,1102
1112,1070
1112,1082
1112,1475
1113,1112
1113,1114
1113,1111
1113,1086
1113,1155
1113,402
1113,274
1113,1542
1114,1112
1114,1111
1114,1095
1114,1072
1114,1067
1115,1071
1116,994
1116,1153
1116,1122
1117,732
1117,1138
1117,761
1117,382
1118,1119
1118,1120
1118,1127
1118,1115
1118,714
1118,961
1119,1120
1119,1118
1119,1146
1120,1118
1120,1128
1120,1150
1120,1140
1121,305
1122,576
1122,726
1122,966
1122,851
1123,1146
1123,71
1124,971
1124,1141
1125,1006
1125,1141
1125,1139
1126,1129
1126,1140
1126,925
1127,1126
1127,1136
1127,1115
1128,1140
1129,1127
1129,1126
1129,1131
1130,1132
1130,1133
1130,1131
1131,1135
1131,1133
1131,1134
1131,1132
1131,1142
1131,1137
1131,1143
1132,1135
1132,1134
1132,1133
1132,1130
1132,1131
1133,1132
1133,1131
1133,1143
1134,1130
1134,1135
1134,1133
1134,1132
1134,1131
1134,1141
1134,1125
1135,1133
1135,1153
1135,667
1135,424
1136,980
1136,1128
1136,1119
1136,1140
1136,1142
1137,360
1138,1139
1138,1140
1138,1152
1138,1135
1138,1132
1139,1140
1139,1138
1139,1149
1140,1138
1140,1139
1140,1117
1141,1127
1142,1132
1142,1133
1143,569
1143,1138
1143,1135
1143,1117
1143,1120
1143,1132
1143,1645
1145,1150
1145,1151
1145,1148
1145,1152
1145,1118
1145,1138
1145,1129
1146,1149
1146,1154
1147,1154
1147,1150
1147,1152
1147,1145
1147,1151
1147,1127
1147,643
1147,1329
1148,1149
1148,1153
1148,1118
1148,1143
1148,1139
1148,1142
1148,658
1149,1152
1149,1151
1149,1148
1149,1154
1149,1146
1149,1147
1149,1145
1149,1118
1149,1134
1149,582
1150,1153
1150,1152
1150,1146
1150,1149
1150,1147
1150,1143
1151,1147
1151,1148
1151,1125
1151,1116
1151,1138
1151,1141
1151,369
1151,339
1152,1154
1152,1148
1152,1153
1152,1118
1152,1131
1152,1133
1153,1146
1154,1149
1154,1148
1154,1151
1155,1157
1155,1156
1155,1165
1155,1170
1155,1172
1156,1157
1156,1155
1156,1175
1156,585
1157,1156
1158,183
1159,103
1159,1199
1159,920
1160,1168
1161,622
1162,1198
1165,1162
1166,1165
1166,1164
1166,1163
1166,1162
1166,1199
1167,1169
1167,1162
1169,605
1169,1179
1169,49
1170,1091
1170,1201
1171,793
1171,1174
1172,269
1173,1280
1174,1198
1174,1170
1174,221
1174,270
1175,1178
1175,1176
1175,1177
1175,1179
1175,1159
1175,1172
1176,1175
1176,1179
1176,1178
1176,1177
1176,1200
1176,190
1177,1178
1177,1179
1177,1175
1177,1176
1177,822
1178,1179
1179,1176
1179,1175
1179,1178
1179,1177
1179,343
1180,1182
1180,1183
1180,1181
1181,1185
1181,1184
1181,1180
1181,1155
1182,1185
1183,1180
1183,978
1184,1182
1184,1180
1184,1181
1184,1185
1184,1183
1184,1157
1184,1179
1184,1169
1184,1197
1185,1166
1186,1179
1186,1187
1186,1450
1187,1190
1187,1188
1187,1189
1187,1191
1187,1192
1187,1165
1188,1187
1188,1168
1188,1161
1188,1170
1188,1001
1189,1191
1189,1188
1189,1187
1189,1192
1189,1190
1189,1163
1189,1039
1190,291
1191,1187
1191,1188
1191,1164
1191,1168
1192,1191
1192,1197
1192,1167
1192,1157
1192,693
1193,1194
1193,1195
1193,1196
1193,1175
1193,186
1194,1196
1194,1195
1194,1193
1194,1354
1195,1194
1195,1193
1196,1194
1196,1193
1196,1197
1196,1195
1196,1182
1196,1168
1196,1160
1196,829
1196,1725
1197,1196
1197,1180
1198,1201
1198,1178
1199,1198
1199,1200
1199,1160
1199,1180
1199,853
1200,1199
1200,1198
1200,1201
1200,1166
1200,1158
1200,1190
1200,1164
1200,1209
1201,1200
1201,1198
1201,1199
1202,1204
1202,1133
1203,1284
1204,1208
1204,1205
1204,1203
1205,1208
1205,1204
1205,1202
1205,1237
1206,1202
1207,1204
1207,1255
1208,1204
1208,1202
1209,6
1209,1289
1210,1146
1210,1226
1210,1252
1210,1285
1211,547
1211,1271
1212,454
1212,1287
1212,1313
1213,1217
1213,1215
1213,1470
1214,1215
1214,1213
1214,1217
1214,1216
1214,1204
1214,1220
1215,1228
1216,1214
1216,1215
1216,1269
1217,1216
1217,1281
1217,1295
1217,397
1219,1225
1219,1226
1219,1304
1219,1261
1219,1135
1219,828
1220,1225
1220,1219
1220,1206
1221,1225
1221,1229
1222,1221
1222,1219
1222,1239
1222,1303
1222,1292
1223,1222
1223,1246
1223,441
1224,1226
1224,1219
1224,1202
1225,1224
1225,1239
1226,1224
1226,1220
1226,1221
1226,1284
1226,996
1229,1227
1229,1230
1229,1232
1229,1228
1229,1231
1229,1219
1229,1264
1229,934
1230,1232
1230,640
1231,1229
1231,1228
1231,1230
1231,1232
1231,1288
1231,1258
1231,1206
1231,1038
1231,337
1232,1228
1232,1230
1232,1227
1232,1231
1233,1238
1233,1235
1233,1234
1235,1234
1235,1238
1235,1237
1235,1233
1235,1236
1235,1285
1235,1215
1236,1238
1236,1233
1236,1234
1236,1237
1236,1235
1236,1260
1236,1276
1237,1233
1237,1236
1237,1235
1237,1238
1237,1268
1237,1035
1237,1735
1238,1234
1238,1233
1238,1237
1238,1236
1238,1209
1238,1288
1239,1217
1239,1281
1240,1241
1240,1242
1240,1304
1240,1217
1241,1242
1241,1240
1242,1240
1242,1241
1242,1181
1243,627
1244,777
1244,1288
1244,1210
1244,1266
1245,1247
1245,1248
1245,1211
1245,1269
1245,1235
1246,1247
1246,1245
1246,1248
1247,1246
1247,1248
1247,1245
1247,1251
1247,1216
1247,718
1248,1246
1248,1247
1249,1251
1249,1260
1249,61
1251,1250
1251,1249
1251,1268
1251,1217
1251,1238
1252,1238
1252,1210
1253,1254
1253,1252
1253,1255
1253,1211
1253,1306
1253,1224
1254,1255
1254,1256
1254,1253
1254,1252
1254,1208
1254,1222
1254,1371
1255,1254
1255,1253
1256,1253
1256,1255
1256,1254
1256,1212
1257,1262
1257,1258
1258,1259
1258,1262
1258,1260
1258,1261
1258,1257
1259,1282
1260,1257
1260,1258
1261,1258
1261,1262
1261,1260
1261,1259
1261,1303
1261,1296
1261,1221
1261,1205
1261,1342
1262,1260
1262,1258
1262,1259
1262,1261
1262,1207
1263,1204
1263,1301
1263,1270
1264,783
1264,1309
1264,1238
1264,1214
1264,1305
1264,652
1265,953
1265,1206
1265,1237
1265,1274
1266,602
1266,1230
1266,1225
1267,1269
1267,1270
1267,1292
1267,1154
1268,1269
1268,1267
1268,1270
1268,1296
1268,1216
1268,1211
1268,1005
1269,1268
1269,1239
1269,1303
1270,1269
1270,1268
1270,1267
1270,1265
1270,1215
1270,1310
1270,567
1272,1274
1272,1273
1272,1280
1272,1310
1272,179
1273,1272
1273,1274
1273,1262
1273,1240
1274,1273
1274,1272
1274,792
1275,1276
1275,1280
1275,1279
1275,1278
1275,1277
1275,1204
1275,1264
1275,1250
1275,1159
1277,1278
1277,1275
1277,1280
1277,1276
1277,1279
1277,1271
1277,1295
1277,1216
1277,1312
1277,1303
1277,1253
1278,1275
1278,1276
1278,1280
1279,1277
1279,1275
1279,1233
1279,1303
1280,1279
1280,1314
1281,639
1281,1256
1281,1204
1281,1617
1281,773
1282,408
1282,1315
1283,1287
1283,1284
1283,1285
1283,1286
1283,1229
1283,1227
1283,1239
1283,1254
1284,1287
1284,1285
1284,1283
1284,1309
1284,1614
1285,1283
1285,1309
1285,1301
1285,1271
1285,1260
1285,1310
1286,1284
1286,1201
1287,1250
1288,1290
1288,1219
1288,1306
1288,1262
1289,1290
1290,1288
1290,1289
1292,1294
1292,1295
1292,1293
1292,1265
1293,1295
1293,1292
1294,1286
1295,1293
1295,1222
1296,244
1296,1221
1297,21
1297,1243
1298,1301
1298,1265
1299,1264
1299,1213
1299,646
1300,1299
1300,1301
1300,634
1301,1300
1301,1298
1301,1299
1301,1393
1302,1304
1302,1305
1302,1303
1302,1316
1302,1259
1303,1304
1303,1302
1303,1305
1303,1221
1303,1223
1304,1302
1305,1302
1305,1304
1305,1303
1305,1279
1305,1647
1306,1307
1306,1311
1306,1309
1306,1308
1306,1206
1306,1249
1306,1290
1306,1278
1306,1170
1306,42
1307,1308
1307,1310
1307,1306
1307,1309
1307,1311
1307,1304
1307,1248
1307,1305
1307,1269
1308,1307
1308,1306
1308,1311
1308,1310
1308,1309
1309,1310
1309,1308
1309,1265
1310,1307
1310,1311
1310,1309
1310,1277
1311,1309
1311,1310
1311,1308
1311,1307
1311,1205
1311,1228
1311,825
1312,1276
1313,1312
1313,1314
1313,1220
1314,1313
1314,1312
1315,1198
1316,639
1316,1230
1318,1319
1318,1324
1319,1320
1319,1348
1320,1321
1320,1318
1320,1319
1320,1317
1320,1354
1320,1356
1320,837
1320,160
1321,1317
1321,1320
1322,105
1322,1340
1322,1316
1322,917
1323,779
1323,1325
1323,1552
1324,1325
1325,1324
1325,1326
1325,1353
1326,1324
1326,1325
1326,1345
1326,1334
1327,1329
1327,1330
1327,1331
1327,1328
1327,1355
1327,741
1328,1329
1328,1331
1328,1330
1328,1337
1328,1182
1329,1331
1329,1327
1329,1328
1329,1330
1329,1341
1329,1325
1329,1343
1329,1338
1329,879
1329,658
1329,1161
1330,1328
1332,1499
1333,1334
1333,1332
1333,1335
1333,1336
1333,1337
1333,1321
1333,1324
1333,1331
1334,1335
1334,1336
1334,1326
1334,1136
1334,863
1335,1332
1335,1337
1335,1333
1336,1332
1336,1334
1336,1333
1336,1337
1336,1335
1336,1350
1336,1343
1336,1321
1336,1324
1336,1356
1336,1318
1336,1339
1336,1326
1336,1349
1336,1199
1339,1354
1339,421
1340,124
1340,1337
1340,1327
1340,1335
1341,1344
1341,1345
1341,1343
1342,1348
1342,1345
1342,1341
1342,1346
1342,1322
1342,1323
1342,1339
1342,1192
1343,1342
1343,1341
1343,1347
1343,1346
1343,1345
1343,1348
1343,1344
1343,1325
1343,1333
1343,1355
1343,669
1344,1343
1344,1318
1344,1327
1345,1341
1345,1347
1345,1344
1345,1346
1345,1348
1345,1332
1345,1323
1345,1336
1345,1340
1345,913
1346,1342
1346,1345
1346,1338
1346,1332
1347,1346
1347,1342
1347,1343
1347,1341
1347,1321
1347,1319
1347,1332
1348,1345
1348,1344
1348,1343
1349,1350
1349,1352
1349,1351
1349,1327
1350,1349
1350,1351
1350,1352
1351,1349
1351,1342
1352,1351
1352,1350
1352,1349
1352,1346
1352,1333
1352,641
1353,891
1353,1325
1353,1327
1354,1261
1354,1352
1354,1328
1354,444
1355,89
1356,1086
1356,1349
1356,1329
1356,172
1356,977
1357,1359
1357,1358
1357,1386
1357,1383
1357,1556
1358,1359
1358,1357
1358,1383
1358,1000
1358,983
1358,521
1360,40
1360,1359
1360,1380
1360,1413
1361,1376
1361,1386
1361,1382
1361,811
1362,432
1363,729
1363,1361
1364,458
1364,1385
1365,1360
1366,1368
1367,1366
1367,1368
1367,1379
1367,1373
1368,1367
1368,1366
1368,1358
1368,1369
1368,1379
1368,1200
1369,1359
1369,249
1369,1249
1370,1371
1370,1374
1370,1375
1370,1373
1370,1378
1371,1374
1371,1373
1371,1375
1371,1370
1371,1359
1371,1358
1371,1363
1371,82
1372,1374
1372,1375
1372,1370
1372,1373
1372,1581
1373,1375
1373,1371
1373,1374
1373,1372
1373,1370
1373,1386
1373,264
1373,922
1373,720
1373,722
1374,1372
1374,1370
1374,1375
1374,1384
1375,464
1376,1378
1376,1377
1376,1379
1376,1382
1376,1367
1376,1359
1376,1362
1376,579
1377,1376
1377,1379
1377,1378
1377,1360
1378,1377
1378,1364
1378,1360
1379,1377
1380,1367
1380,1362
1380,1376
1380,1357
1380,1359
1381,1382
1381,1384
1381,1376
1381,1518
1382,1384
1382,1383
1382,1381
1382,1363
1383,1384
1384,1383
1384,1381
1384,1382
1384,1372
1384,1376
1384,1362
1385,1202
1386,562
1386,1368
1386,124
1387,687
1387,1412
1387,1391
1387,1408
1388,759
1389,1398
1390,1400
1390,1394
1390,1397
1390,1393
1390,1415
1390,1406
1391,1390
1391,1392
1391,1399
1391,1396
1391,1395
1391,1389
1391,1408
1393,1392
1393,1397
1393,1391
1393,315
1394,1391
1394,1400
1394,1396
1394,1390
1394,719
1394,1679
1395,1394
1395,1403
1395,1420
1395,1107
1396,1390
1396,1397
1396,1399
1396,1400
1396,1410
1396,1409
1396,1419
1396,1606
1396,1064
1397,1396
1397,1389
1397,1394
1397,1390
1397,1399
1397,1418
1398,1390
1399,1398
1399,1400
1399,1390
1399,1404
1400,1394
1400,1399
1400,1393
1400,1396
1400,1412
1400,1421
1400,1097
1400,1366
1400,126
1401,1278
1402,1404
1402,1405
1402,1394
1402,1391
1403,1402
1403,1404
1403,1409
1403,1391
1404,1406
1404,1402
1404,1401
1404,1398
1405,1404
1405,1406
1405,1403
1405,1402
1405,1401
1405,1397
1406,1402
1406,1405
1406,1403
1406,199
1407,644
1407,1391
1407,1418
1407,1388
1407,1395
1407,252
1408,616
1408,1403
1408,1653
1408,996
1409,1413
1409,1412
1409,1410
1409,1411
1409,42
1410,1413
1410,1412
1410,1409
1410,1411
1410,1404
1410,1401
1410,1420
1410,247
1410,135
1411,1410
1411,1412
1411,1409
1411,1413
1411,1393
1411,1407
1411,1418
1411,98
1412,1410
1412,1409
1412,1411
1412,1413
1412,1401
1412,1418
1413,1411
1413,1409
1413,1412
1413,1410
1413,1418
1413,1391
1413,921
1413,468
1414,1388
1414,1462
1415,944
1415,1387
1415,1496
1416,1325
1416,1404
1416,1166
1417,1419
1417,1418
1417,1413
1417,1411
1417,1409
1418,1417
1418,1419
1418,1420
1418,94
1419,1417
1419,1418
1419,1412
1419,1420
1420,811
1420,1417
1421,697
1421,264
1423,347
1423,1433
1423,1457
1424,484
1424,1474
1424,137
1424,726
1425,842
1425,1485
1425,1465
1425,1440
1425,834
1426,1428
1426,1429
1426,1472
1426,1446
1426,1480
1426,153
1426,128
1427,1428
1427,1434
1427,1440
1428,1426
1428,1427
1429,1427
1429,1428
1429,371
1429,85
1431,93
1431,1447
1431,1423
1432,878
1432,1488
1432,1468
1432,1485
1432,1424
1432,919
1433,565
1433,1429
1433,1445
1434,1438
1434,1437
1434,1426
1434,1100
1435,1439
1435,1437
1435,1438
1435,1474
1436,1437
1436,1438
1436,1434
1436,1435
1436,1456
1436,1463
1437,1434
1437,1438
1437,1435
1437,1439
1437,1436
1437,1423
1437,1445
1437,1477
1438,1472
1439,1436
1439,1435
1439,1434
1440,1445
1440,1424
1440,1068
1442,1445
1442,1440
1442,1444
1442,1441
1442,1443
1442,1459
1442,1433
1442,1446
1442,1448
1442,958
1443,1440
1443,1468
1443,1485
1443,1045
1444,1440
1444,1443
1444,1439
1445,1441
1445,1442
1445,1443
1445,1444
1445,1471
1445,1452
1445,1646
1446,1447
1446,1449
1446,1448
1446,1458
1446,1527
1447,1448
1448,1446
1448,1450
1448,1449
1449,1448
1450,1448
1450,1482
1450,1453
1450,1268
1451,1458
1451,1453
1451,1452
1451,1455
1451,1456
1451,1449
1452,1454
1452,1453
1452,1455
1453,1451
1453,1423
1454,1458
1454,1451
1454,1455
1454,1459
1454,1457
1454,1456
1454,1440
1454,1485
1454,1481
1454,1444
1454,1172
1454,1059
1454,1282
1456,1452
1457,1452
1457,1455
1457,1454
1457,1451
1457,1422
1457,1475
1457,1481
1457,1446
1457,789
1458,1451
1458,1455
1458,1452
1458,1457
1458,1454
1458,1459
1458,1484
1460,1461
1460,1462
1460,304
1461,1462
1461,1460
1461,1469
1461,1470
1461,1474
1462,1461
1462,1460
1462,1213
1462,210
1463,1465
1463,1467
1463,1464
1463,1466
1463,1425
1463,1456
1464,1467
1464,1465
1464,1463
1464,1428
1464,232
1465,1463
1465,1466
1465,1467
1465,1464
1465,1484
1465,1462
1465,1435
1465,1440
1465,1679
1466,1463
1466,1456
1466,1450
1467,1466
1467,1463
1467,1464
1467,1465
1467,1423
1468,1453
1468,1457
1469,1463
1470,1473
1470,1471
1470,1489
1470,1465
1470,1462
1470,1338
1471,1474
1471,1470
1471,1473
1471,1479
1472,1470
1472,1471
1473,1470
1473,1472
1473,1471
1473,1474
1473,1475
1473,1489
1473,1488
1473,1465
1473,1484
1473,1483
1474,1471
1474,1472
1474,1475
1474,1473
1474,1470
1474,1461
1474,1442
1474,1435
1474,1456
1474,1485
1474,873
1474,1577
1474,567
1475,1473
1475,1471
1475,1470
1475,1472
1475,1474
1475,1450
1475,1483
1475,1702
1476,1446
1476,1450
1477,1478
1477,1479
1477,1480
1477,1481
1477,1484
1477,1449
1477,760
1477,1287
1478,1479
1478,1462
1478,271
1479,1477
1479,1481
1479,1480
1479,1478
1479,1430
1479,1494
1480,1477
1480,1481
1480,1479
1480,1478
1481,1477
1481,1478
1481,1479
1481,1480
1481,1486
1484,1487
1484,1486
1484,1482
1485,1482
1485,1487
1485,1483
1485,1486
1485,1477
1485,1451
1486,1484
1486,1483
1486,1482
1488,1482
1488,1486
1488,1483
1488,1484
1488,1487
1488,1485
1488,1423
1488,406
1488,102
1489,1462
1489,1443
1489,1445
1490,1293
1490,1504
1491,1206
1491,1518
1491,1494
1491,1509
1491,1510
1491,1511
1492,1510
1492,1511
1492,1501
1492,1494
1492,1496
1493,1495
1494,1495
1494,1493
1494,1496
1494,1065
1495,1494
1495,1493
1495,1512
1495,129
1496,1497
1496,1498
1496,1519
1497,1498
1497,1496
1497,1517
1497,1093
1498,1496
1498,1497
1498,1522
1499,1500
1499,1501
1499,1506
1500,1499
1500,1504
1500,1502
1500,1503
1500,1501
1500,1507
1500,1521
1500,665
1501,1503
1501,1502
1501,1499
1501,72
1502,1500
1502,1503
1502,1501
1502,1499
1502,1520
1503,1504
1503,465
1504,1497
1505,177
1505,1518
1505,1504
1505,1497
1505,1507
1505,859
1506,818
1506,1520
1507,1510
1507,1511
1507,1509
1507,1508
1508,1509
1508,1510
1508,1507
1508,1511
1508,1506
1508,1504
1508,1519
1508,1503
1509,1510
1509,1511
1509,1507
1509,1508
1510,1511
1510,1507
1511,1509
1511,1508
1511,1495
1511,1499
1512,1515
1512,1513
1512,1516
1512,1525
1512,1508
1513,1516
1513,1515
1513,1514
1513,1512
1513,1526
1514,1512
1514,1515
1514,1516
1514,1513
1515,1514
1515,1513
1515,1516
1515,1512
1515,1526
1516,1513
1517,1520
1517,1523
1518,1522
1519,1518
1519,1517
1519,1520
1519,1521
1519,1524
1520,1524
1520,1519
1520,1523
1520,1517
1522,1519
1522,1518
1522,1498
1523,1521
1523,1518
1523,1522
1523,473
1523,1069
1524,1517
1524,1519
1524,1523
1524,1518
1524,1521
1524,1501
1524,1511
1524,378
1524,307
1524,237
1524,527
1525,1404
1525,1498
1525,1504
1525,1499
1525,1215
1526,713
1526,1499
1526,1521
1526,467
1527,1538
1527,1535
1527,1204
1528,1531
1528,1551
1529,1528
1529,1530
1529,1531
1529,1550
1529,1527
1529,1546
1529,1540
1530,1529
1530,1531
1530,1528
1530,1402
1531,1532
1531,1555
1531,1364
1533,1534
1533,1535
1533,1722
1533,1198
1534,1221
1536,1529
1536,1533
1536,1217
1537,1538
1537,1536
1537,1547
1537,1534
1537,1529
1537,650
1538,1553
1538,1551
1539,1546
1539,1541
1539,1540
1539,1555
1539,1529
1539,419
1539,121
1540,1538
1541,1543
1541,1540
1541,1553
1542,1537
1542,1551
1542,1533
1543,1545
1543,1546
1543,1539
1543,1537
1544,1539
1544,1549
1545,1542
1545,1546
1545,1554
1546,1539
1547,1540
1547,1550
1547,1535
1548,1547
1548,1542
1549,1550
1549,1551
1549,1535
1549,518
1550,1551
1550,1549
1550,1531
1551,224
1552,1554
1552,1555
1552,1553
1552,1533
1552,1537
1552,1551
1552,1548
1552,1542
1552,1530
1552,1543
1553,1555
1553,1541
1553,1544
1553,1530
1554,1553
1554,1552
1554,1535
1555,1554
1555,1552
1555,1553
1556,1562
1556,1561
1557,1558
1558,1560
1558,1563
1558,1557
1558,1607
1558,1600
1559,1599
1559,1578
1560,1556
1560,1559
1560,1562
1560,1606
1560,1580
1560,1591
1560,1598
1560,1593
1561,1556
1561,1559
1561,63
1561,77
1562,1561
1562,1563
1562,1559
1563,1557
1563,1560
1563,1558
1563,1565
1564,1608
1564,1580
1564,1599
1565,1567
1565,1569
1566,1565
1566,1567
1566,1600
1566,1595
1566,1605
1566,883
1566,277
1566,216
1567,1566
1567,1565
1567,1599
1567,1595
1567,1573
1567,240
1568,1571
1568,1595
1569,1570
1569,1568
1569,1571
1570,1571
1570,1612
1570,1606
1570,1600
1570,1603
1570,1597
1570,1587
1571,1570
1571,1568
1571,1569
1571,1595
1571,1612
1571,972
1571,891
1572,1600
1573,1572
1573,1570
1573,1694
1574,1572
1574,1575
1574,1577
1574,1573
1574,1576
1574,1556
1574,1568
1575,1573
1575,1572
1575,1576
1575,1577
1575,1598
1575,441
1576,1572
1576,1595
1576,1571
1576,1566
1576,1609
1577,1572
1577,1573
1577,1576
1577,1559
1578,1579
1578,1594
1578,1597
1579,1586
1579,1581
1579,1583
1579,98
1580,1586
1580,1585
1580,1581
1580,1582
1580,1583
1580,1579
1580,1611
1580,1598
1580,1572
1580,1563
1581,1579
1581,1585
1582,1585
1583,1579
1583,1584
1583,1585
1583,1582
1583,1578
1583,1586
1583,1581
1583,1580
1583,1597
1583,1577
1583,1568
1583,1592
1583,24
1584,1597
1585,1561
1586,1581
1586,1585
1586,1580
1586,1583
1586,1578
1586,1569
1586,1574
1587,1588
1587,1589
1587,1560
1588,1587
1588,1589
1588,1599
1588,1594
1588,1585
1588,370
1588,289
1589,1588
1589,1596
1589,1578
1589,1577
1590,1593
1590,1592
1590,1591
1590,1588
1590,1610
1590,1599
1590,1448
1590,1017
1591,1593
1591,1569
1592,1591
1592,1590
1592,1561
1592,1577
1593,1591
1593,1590
1593,1592
1593,1605
1593,1568
1593,1571
1593,1563
1593,1572
1593,1615
1594,1595
1594,1596
1594,1592
1594,1354
1595,1594
1595,1586
1595,1593
1596,1595
1596,1594
1596,1564
1596,1568
1596,1573
1596,1611
1596,262
1597,961
1597,1570
1597,1591
1597,1595
1597,1602
1597,1518
1597,1149
1597,1699
1598,1058
1599,1600
1599,1601
1599,1569
1599,1562
1599,1564
1599,1571
1599,1587
1599,1653
1599,1704
1600,1599
1600,1601
1600,1411
1601,1600
1601,1599
1602,1608
1602,1606
1602,1558
1602,65
1603,1606
1603,1604
1604,1602
1604,1603
1604,1607
1604,1606
1604,1605
1604,1597
1604,255
1605,1607
1605,1603
1605,1602
1605,1604
1605,1608
1606,1608
1606,1605
1606,1588
1606,1569
1606,1052
1607,1602
1607,1604
1607,1606
1607,1584
1607,1612
1608,1602
1608,1605
1608,1604
1608,1607
1608,1606
1608,1603
1609,1610
1610,1609
1610,1611
1610,1601
1611,1610
1611,1609
1611,269
1612,1565
1613,1615
1613,1614
1613,1571
1614,1615
1614,1613
1614,1607
1614,1610
1615,1614
1615,1613
1615,1576
1615,1583
1615,1589
1615,1605
1615,1590
1615,1388
1616,1617
1616,1621
1616,1674
1616,1646
1616,1643
1616,1662
1616,1639
1616,1682
1618,1621
1618,1687
1619,1618
1619,1620
1619,1621
1619,1616
1619,1673
1619,1634
1620,1617
1620,1619
1620,1621
1620,1618
1620,1658
1621,1662
1623,347
1624,474
1624,1662
1624,1650
1624,1631
1624,1644
1625,351
1625,1638
1626,1630
1626,1628
1626,1629
1626,1627
1626,1667
1626,471
1627,1628
1627,1629
1628,1629
1629,1627
1629,1652
1630,1626
1631,1634
1631,1632
1631,1665
1631,260
1632,1631
1632,1633
1632,1634
1632,1670
1632,1617
1633,1634
1633,1631
1633,1632
1634,1632
1634,1631
1634,1656
1634,939
1635,1637
1635,1638
1635,1636
1635,1623
1636,1635
1636,1637
1636,1638
1636,1645
1636,1667
1636,1370
1637,1639
1637,1680
1637,1586
1638,1639
1638,1636
1639,1638
1639,1635
1639,1640
1639,1636
1639,1637
1639,1031
1640,1635
1640,1639
1640,1636
1640,1638
1641,117
1641,870
1642,1543
1642,1652
1642,1619
1643,1645
1643,1644
1643,1646
1643,1641
1644,1643
1644,1647
1644,1645
1644,1646
1644,1689
1644,1674
1645,1647
1645,1646
1645,1644
1645,881
1646,1643
1647,1683
1647,1673
1647,890
1647,906
1647,1284
1648,735
1649,1648
1649,1650
1649,1616
1650,1648
1650,1649
1651,1653
1651,1656
1651,1652
1651,1655
1651,1654
1651,1687
1651,1671
1651,1641
1651,1364
1652,1655
1652,1653
1652,1654
1652,1656
1652,1651
1652,1662
1652,1689
1652,1623
1652,1646
1653,1655
1654,1653
1654,1655
1654,1652
1654,1656
1654,1651
1654,1631
1654,1639
1655,1653
1655,1651
1655,1656
1655,1637
1655,1679
1656,1655
1656,1652
1656,1306
1657,1661
1658,1661
1658,1639
1658,120
1659,1657
1659,1661
1659,1662
1659,1663
1659,1683
1659,1636
1659,1674
1660,1663
1660,1679
1660,1616
1661,1663
1661,1660
1661,1659
1661,1655
1662,1663
1662,1685
1663,1658
1663,1662
1663,1660
1664,1666
1664,1668
1664,1634
1664,1678
1664,1616
1664,447
1665,1668
1665,1669
1665,1670
1665,1667
1665,1682
1665,1677
1666,1670
1666,1669
1666,1668
1666,1667
1666,1665
1666,1664
1666,1639
1666,1624
1666,1591
1667,1669
1667,1665
1667,1666
1667,1668
1667,1664
1667,1675
1667,405
1668,1665
1668,1670
1668,1666
1668,1680
1669,1666
1669,1686
1670,1666
1670,1644
1670,1632
1670,1662
1670,682
1671,1672
1671,1674
1671,1673
1671,1620
1671,1628
1672,1671
1672,1675
1672,1673
1672,1674
1672,1647
1672,1621
1672,1683
1672,1655
1672,1636
1672,1624
1672,1010
1673,1674
1673,1675
1673,1672
1673,1671
1673,1685
1673,1616
1673,1631
1673,1643
1673,1624
1673,1644
1673,536
1674,1672
1674,1675
1674,1624
1674,1637
1674,1626
1675,1634
1676,1531
1676,1620
1676,1138
1676,1320
1676,1315
1676,931
1677,186
1677,1625
1678,252
1678,1617
1678,1638
1678,1618
1679,1502
1679,1650
1679,1632
1679,1667
1681,114
1681,1636
1682,1687
1682,1642
1682,1648
1682,1666
1682,1675
1683,1686
1683,1685
1683,1687
1684,1685
1684,1686
1684,1674
1685,1687
1685,1682
1685,1651
1686,1684
1686,1687
1687,1682
1687,1685
1687,1617
1688,1008
1689,1554
1689,1641
1691,1693
1691,1694
1691,1705
1691,1714
1691,1712
1692,1691
1692,1702
1693,1697
1693,1695
1693,1694
1694,1697
1694,1695
1694,1711
1695,1691
1695,1699
1695,1709
1695,113
1696,1694
1696,1697
1697,1693
1697,1691
1697,1694
1697,1696
1697,1703
1698,1700
1699,1704
1700,1706
1700,1704
1700,1702
1700,1707
1700,1695
1701,1700
1701,1698
1701,1702
1701,1711
1701,1696
1701,1715
1701,475
1702,1701
1702,1705
1702,1695
1703,1699
1703,1705
1703,1707
1703,1563
1704,1706
1704,1703
1704,1701
1704,1702
1704,876
1705,1698
1705,1694
1705,1709
1706,1703
1706,1715
1706,1695
1707,1148
1707,1713
1707,1700
1708,852
1708,1190
1708,490
1709,302
1709,1647
1710,1714
1710,1711
1710,1712
1710,1250
1711,1712
1711,992
1712,1711
1712,1710
1712,1713
1713,1712
1713,1714
1713,1710
1713,1703
1713,1701
1713,681
1714,1713
1714,1708
1715,1713
1716,1354
1716,1727
1716,590
1717,411
1717,1724
1717,1723
1718,1725
1718,1720
1718,1721
1718,1726
1718,1731
1720,1724
1720,1723
1720,1722
1720,1716
1721,1723
1721,1720
1721,1726
1721,1725
1721,1719
1721,1722
1721,1718
1721,1734
1722,1726
1722,1721
1722,1733
1722,1730
1722,1735
1722,1729
1722,1732
1723,1722
1723,1729
1723,1732
1724,1718
1724,1725
1724,1721
1724,1726
1724,1716
1724,382
1724,1167
1725,1720
1725,1719
1725,1733
1726,1723
1726,1721
1726,1725
1726,1722
1726,1724
1726,1720
1726,1717
1728,1730
1728,1732
1729,1731
1729,1728
1729,1730
1729,1716
1729,1732
1729,1725
1729,1720
1730,1731
1730,1728
1730,1729
1730,1717
1730,1401
1731,1729
1731,1733
1732,1733
1732,1734
1733,1732
1733,1724
1733,1717
1734,1735
1734,1732
1734,1733
1734,1724
1734,1728
1735,1734
1735,1733
