From,To
0,1
1,3
2,5
3,2
5,6
7,9
8,5
9,11
10,12
11,10
12,10
13,11
14,15
15,16
16,14
17,19
18,19
19,18
21,23
22,24
23,21
24,23
25,28
26,30
27,25
28,27
29,28
30,28
31,25
32,788
33,36
34,35
35,33
36,35
37,33
38,40
39,40
40,42
41,40
42,40
45,44
46,49
47,90
48,49
49,48
50,837
52,50
53,50
54,51
55,57
56,55
57,59
59,54
60,63
61,51
62,60
63,61
64,61
65,64
66,68
68,67
69,66
70,84
71,72
72,71
73,75
74,78
75,74
76,74
77,78
78,77
79,82
80,81
81,82
82,80
83,85
84,87
85,84
86,85
87,83
88,89
89,88
90,88
91,90
92,88
93,94
95,93
96,97
97,96
98,97
99,96
100,91
101,103
102,105
103,102
104,102
105,101
106,108
107,102
108,106
109,110
110,111
111,114
112,109
113,111
114,109
115,113
116,117
117,116
118,117
119,140
120,119
121,146
122,119
123,114
124,123
125,146
126,123
127,126
128,133
129,131
130,131
131,133
132,128
133,132
134,135
135,136
136,134
137,138
138,137
139,137
140,141
141,140
142,145
143,146
144,142
145,144
146,142
147,155
149,148
150,148
151,152
152,148
153,154
154,153
155,154
156,159
157,165
158,163
159,157
160,156
161,163
162,156
163,165
165,157
166,167
167,166
168,169
169,168
170,176
171,178
172,180
173,179
174,175
175,177
176,171
177,170
178,170
179,170
180,174
181,182
182,181
183,182
184,239
185,188
186,188
187,188
188,190
189,188
190,186
191,192
193,191
194,191
195,192
196,194
197,199
198,206
199,202
200,198
201,206
202,199
203,199
204,201
205,203
206,197
207,203
208,209
209,208
210,208
211,212
212,211
213,212
214,212
217,215
219,225
220,218
221,225
222,220
223,221
224,218
225,1069
227,214
228,226
229,226
230,1537
231,233
232,234
233,232
234,231
235,234
236,238
237,239
238,236
240,243
241,243
242,245
243,241
244,241
245,209
246,250
248,249
249,248
250,246
251,252
252,251
253,251
255,256
256,262
257,255
258,257
259,257
260,257
261,254
263,265
264,265
265,264
266,304
267,268
268,266
269,294
270,273
271,272
272,271
273,269
274,269
276,275
278,280
279,278
280,278
281,282
282,276
283,286
285,276
286,283
287,286
288,286
289,295
290,294
291,290
292,294
293,290
294,292
295,297
296,1729
297,300
298,295
299,284
300,295
301,302
302,305
303,304
304,295
305,301
306,309
307,306
308,306
309,306
310,353
311,312
312,311
313,312
314,315
315,314
317,318
318,317
319,320
320,319
321,352
322,321
323,324
324,325
325,324
326,323
327,325
328,329
329,328
330,331
331,330
332,330
333,335
334,333
335,333
336,358
337,338
338,337
339,349
341,342
342,341
343,345
344,343
345,343
346,344
347,348
348,347
349,350
350,344
351,321
352,355
353,352
354,353
356,357
357,356
358,356
359,362
360,361
361,359
362,383
363,243
364,365
365,364
366,364
368,370
369,375
370,373
371,369
372,369
373,374
374,372
375,371
376,377
377,378
378,376
379,376
380,381
381,380
382,380
383,384
384,385
385,383
386,582
387,390
388,389
389,369
390,387
391,387
393,394
395,396
396,405
397,395
398,401
399,401
400,399
401,399
402,404
404,403
405,406
406,405
407,408
408,407
409,410
410,409
411,413
412,415
413,414
414,416
415,417
416,414
417,411
418,421
419,421
420,425
421,424
422,418
423,425
424,422
425,418
426,429
427,426
428,430
429,427
430,427
431,426
432,433
433,432
434,432
435,436
436,435
437,441
438,437
439,442
440,439
441,442
442,439
443,444
444,443
445,446
446,445
447,446
448,449
449,450
450,451
451,450
452,448
453,454
454,453
455,453
456,458
457,456
458,457
459,457
460,458
461,465
462,461
463,461
464,465
465,462
466,467
467,466
468,473
469,470
470,473
471,472
472,470
474,475
475,474
476,481
477,479
478,477
479,478
480,478
481,477
482,479
483,484
484,483
485,489
486,485
487,490
488,486
490,557
491,490
492,493
493,494
494,492
495,496
496,495
497,498
498,496
499,500
500,499
501,499
502,503
503,505
504,536
505,503
506,503
507,508
508,507
509,507
510,511
511,510
512,513
513,515
514,512
515,512
517,520
518,520
519,526
520,517
521,522
522,527
523,527
524,525
525,521
526,523
528,552
529,533
530,533
531,533
532,533
533,532
534,529
535,529
536,537
537,536
538,539
539,538
541,756
542,554
543,549
544,542
545,541
546,548
547,548
548,545
549,542
550,486
551,552
553,552
554,552
555,448
556,557
557,556
558,559
559,558
560,561
561,559
562,566
563,566
564,565
565,568
566,568
568,581
569,564
570,569
571,577
572,571
573,577
574,577
575,577
576,573
577,578
578,579
579,574
580,579
581,582
582,581
583,584
584,587
586,584
587,586
588,587
589,590
590,589
591,589
592,595
593,596
595,592
596,593
597,592
599,600
600,599
601,600
602,603
603,602
604,605
605,604
606,604
607,608
608,609
609,612
610,612
611,607
612,179
613,614
614,615
616,614
617,613
618,619
619,620
620,629
622,621
623,622
624,629
625,624
629,627
630,591
631,630
632,630
633,631
634,635
635,634
636,638
637,634
638,636
639,640
640,642
641,639
642,641
643,639
644,643
645,646
646,594
647,652
648,609
649,647
650,647
651,647
652,647
653,656
654,653
655,391
656,653
657,658
658,655
659,655
660,663
661,660
662,663
663,661
665,666
666,665
667,669
668,669
670,671
671,670
672,670
673,675
674,673
676,677
677,676
678,680
680,678
681,682
682,683
683,679
684,682
685,686
686,685
687,685
688,707
689,690
690,689
691,689
693,694
694,692
695,696
697,715
698,697
699,695
700,709
701,702
702,703
703,702
704,701
705,706
706,703
707,708
708,712
709,715
710,715
711,714
712,711
713,714
715,708
716,707
717,718
718,717
719,720
720,719
721,723
722,727
723,726
724,722
725,726
726,728
727,724
728,723
729,731
730,747
731,729
732,733
733,732
735,732
737,736
738,736
739,742
740,741
741,743
742,752
743,740
744,739
745,746
746,744
747,745
748,744
749,751
750,749
751,749
752,749
753,749
754,753
755,756
756,435
757,755
758,759
759,758
760,758
761,762
762,763
763,762
764,761
765,761
766,765
767,769
768,769
769,768
770,771
771,997
772,767
773,775
774,773
775,773
776,773
777,779
778,777
779,777
780,777
781,154
782,783
783,782
784,766
785,773
786,789
787,786
788,790
789,790
790,787
791,796
792,791
793,796
794,791
795,794
796,792
797,798
798,797
799,800
800,802
801,843
804,799
805,801
806,807
807,806
808,809
809,806
810,813
811,813
812,811
813,810
814,820
815,814
816,814
817,815
818,814
819,820
820,818
821,827
822,821
823,822
824,825
825,821
826,822
827,823
828,829
829,828
830,831
831,830
832,831
833,832
834,831
835,837
836,838
837,838
838,835
839,838
840,842
841,842
842,844
843,841
844,813
845,901
846,850
847,852
848,1094
849,850
850,849
851,853
852,851
853,848
854,857
855,854
856,860
857,856
858,860
859,858
860,857
861,862
862,863
863,859
864,861
865,866
867,872
868,873
871,869
872,870
873,872
874,875
875,874
876,882
877,879
878,882
879,877
880,882
881,876
882,876
883,884
884,883
885,886
886,895
887,891
888,887
889,890
890,888
891,893
892,888
893,887
894,901
895,898
896,898
897,898
898,895
899,900
901,903
902,904
903,904
904,901
905,906
906,905
907,878
908,916
909,877
910,913
911,877
913,910
914,915
915,914
916,917
917,916
918,916
919,916
920,921
922,920
923,925
924,921
925,923
926,923
928,924
929,924
930,946
931,930
932,931
933,937
936,938
937,934
938,936
939,937
940,941
941,944
943,942
944,941
945,946
946,945
947,950
949,950
950,947
951,952
952,950
953,952
954,958
955,1582
956,952
958,957
959,964
960,959
961,959
962,959
963,962
964,962
965,967
966,958
967,966
968,969
969,971
970,968
971,968
973,974
974,973
975,977
976,974
977,973
979,974
980,981
981,980
983,984
984,992
985,992
986,985
987,989
988,993
990,982
991,984
992,990
993,981
994,995
995,994
996,997
997,996
998,996
999,1000
1000,999
1001,1002
1002,1003
1003,1009
1004,1006
1005,1007
1006,1004
1007,1003
1008,1002
1009,1005
1010,1013
1011,1015
1012,1014
1013,1011
1014,1013
1015,1010
1016,1017
1017,1023
1018,1023
1019,1023
1020,1016
1021,1016
1022,1023
1023,1021
1024,1025
1025,1024
1027,1024
1028,1030
1029,1031
1030,1028
1031,1030
1032,1034
1033,1036
1034,1037
1035,1032
1036,1037
1037,1035
1038,1002
1039,1040
1040,1041
1041,1039
1043,1044
1044,1043
1047,1048
1048,1047
1049,1047
1050,1053
1051,1050
1052,1050
1053,1051
1054,1055
1055,1057
1056,1057
1057,1054
1058,1054
1059,1060
1060,1059
1062,1064
1063,1061
1064,1062
1065,1062
1067,1068
1068,1067
1069,1071
1070,1072
1071,1068
1072,1069
1073,1074
1074,1073
1075,1079
1076,1077
1077,1079
1078,1080
1079,1076
1080,1077
1081,1082
1082,1081
1083,1080
1084,1085
1085,1084
1086,1089
1088,1087
1089,1084
1090,1091
1091,1090
1092,1102
1093,1097
1094,1092
1095,1099
1096,1102
1097,1098
1098,1097
1099,1512
1100,1097
1101,1096
1102,1094
1103,1094
1104,1105
1105,1104
1106,1104
1107,1108
1108,1107
1109,1110
1110,1085
1111,1110
1113,1109
1115,1114
1116,1115
1117,1143
1118,1122
1119,1118
1120,1121
1121,1120
1122,1118
1123,1118
1124,1128
1125,1124
1126,1128
1127,1125
1128,1124
1129,1138
1130,1129
1131,1129
1132,1129
1133,1136
1134,1135
1135,1134
1136,1138
1137,1140
1138,1123
1139,1144
1140,1136
1141,1134
1142,1143
1143,1142
1144,1142
1145,1144
1146,1147
1147,177
1148,1124
1149,1146
1150,1121
1151,1148
1152,1150
1153,1146
1154,1155
1155,1148
1156,1157
1157,1159
1159,1156
1160,1162
1161,1162
1162,1167
1163,1191
1164,1160
1165,1167
1166,1160
1167,1155
1168,1162
1169,1166
1170,1171
1171,1170
1172,1170
1173,1174
1174,1173
1175,1173
1176,1161
1177,1178
1178,1177
1179,1180
1180,1179
1181,1179
1182,1156
1183,1188
1184,1183
1185,1183
1186,1184
1187,1186
1188,1185
1189,1183
1190,1192
1192,1194
1193,1190
1194,1193
1195,1196
1196,1193
1198,1188
1199,1200
1200,1199
1201,1199
1202,1205
1203,1205
1205,1202
1206,1248
1207,1202
1208,1266
1209,1208
1210,1209
1211,1208
1212,1213
1213,1212
1214,1215
1215,1214
1216,1214
1217,1246
1219,1220
1220,1224
1222,1218
1223,1218
1224,1220
1225,1276
1226,1227
1227,1226
1228,1226
1229,1230
1230,1229
1231,1229
1232,1233
1233,1232
1234,1232
1235,1244
1236,1235
1237,1242
1238,1244
1239,1236
1240,1237
1241,1243
1242,1235
1243,1240
1244,1240
1245,1241
1246,1245
1247,1250
1248,1249
1249,1247
1250,1246
1251,1252
1252,1251
1253,1251
1254,1256
1255,1254
1256,1254
1257,1256
1258,1257
1259,1264
1260,1259
1261,1259
1262,1272
1263,1201
1264,1259
1265,1266
1266,1265
1267,1268
1268,1267
1269,1270
1270,1269
1272,1312
1274,1272
1275,1272
1276,1277
1277,1276
1278,1276
1279,1276
1280,1283
1281,1284
1282,1306
1283,1280
1284,1280
1286,1285
1287,1285
1288,1285
1289,1288
1290,1285
1291,1292
1292,1291
1293,1296
1294,1295
1295,1294
1296,1293
1297,1296
1298,1300
1299,1298
1300,1301
1301,1298
1302,1309
1303,1224
1304,1263
1305,1304
1306,1304
1307,1308
1308,1307
1309,1307
1310,1309
1311,1310
1312,1313
1313,1312
1314,1312
1315,1320
1316,1315
1317,1319
1318,1315
1319,1316
1320,1350
1321,1326
1322,1324
1323,1325
1324,1322
1325,1323
1326,1327
1327,1321
1328,1323
1329,1330
1330,1329
1331,1329
1332,1333
1333,1344
1334,1332
1335,1333
1336,1337
1337,1336
1339,1342
1340,1346
1341,1344
1342,1344
1343,1346
1344,1342
1345,1344
1346,1340
1347,1348
1348,1347
1349,1351
1351,1352
1352,1350
1353,1352
1354,1323
1355,1354
1356,1357
1357,1354
1358,1359
1359,1358
1360,1361
1361,1360
1362,1364
1363,1362
1364,1366
1365,1367
1367,1362
1368,1366
1369,1373
1370,1369
1371,1369
1372,1373
1373,1369
1374,1380
1375,1380
1376,1377
1377,1378
1378,1368
1379,1380
1381,1374
1383,1391
1384,1383
1385,1389
1389,1382
1390,1391
1391,1389
1392,1386
1393,1404
1394,1402
1395,1404
1396,1403
1397,1396
1398,1393
1399,1419
1400,1403
1401,1393
1402,1393
1403,1395
1404,1402
1405,1408
1406,1408
1407,1405
1408,1405
1409,1405
1410,1412
1411,1413
1412,1420
1413,1410
1414,1412
1415,1722
1416,1415
1417,1388
1418,1420
1419,1418
1420,1418
1421,1422
1422,1421
1423,1424
1424,1421
1425,1426
1426,1431
1427,1435
1428,1422
1429,1428
1430,1427
1431,1427
1432,1431
1433,1434
1434,347
1435,1437
1436,1435
1437,1435
1438,1425
1440,1439
1441,1439
1442,1441
1443,1442
1444,1445
1445,1444
1446,1425
1448,1451
1449,1448
1450,1449
1451,1449
1452,1448
1453,1452
1455,1454
1456,1461
1457,1456
1458,1456
1459,1456
1461,1460
1462,1463
1463,1424
1465,1463
1466,1478
1467,1464
1468,1469
1469,1468
1470,1468
1471,1470
1472,1473
1473,1472
1474,1472
1475,1344
1476,1477
1477,1479
1478,1477
1479,1477
1480,1481
1481,1480
1482,1481
1483,1469
1484,1451
1485,1484
1486,1491
1487,1491
1488,1489
1489,1492
1490,1489
1491,1486
1492,1489
1493,1498
1494,1499
1495,1494
1496,1498
1497,1513
1498,1495
1500,1498
1501,1495
1502,1493
1503,1504
1504,1503
1505,1506
1506,1503
1507,1508
1508,1509
1509,1507
1510,1507
1512,1734
1513,1512
1514,1515
1515,1516
1516,1514
1517,1516
1518,1521
1519,1524
1520,1513
1521,1520
1522,1527
1523,1526
1524,1526
1525,1521
1526,1522
1527,1524
1528,1529
1529,1528
1530,1535
1531,1533
1532,1530
1533,1535
1535,1530
1536,1532
1537,1538
1538,1537
1539,1540
1540,1539
1541,1539
1542,1539
1543,1531
1544,1545
1545,1544
1546,1547
1547,1546
1548,1547
1549,1547
1550,1553
1551,1552
1552,1551
1553,1550
1554,1557
1555,1554
1556,1557
1557,1554
1558,1559
1559,1561
1560,1565
1561,1558
1562,1589
1563,1567
1564,1572
1565,1563
1566,1565
1567,1566
1568,1563
1569,1570
1570,1569
1571,1569
1573,1576
1574,1573
1575,1576
1576,1574
1577,1578
1578,1577
1579,1577
1580,1581
1581,1582
1582,1581
1583,1585
1585,1583
1586,1592
1587,1591
1588,1586
1589,711
1590,1588
1591,1592
1594,1596
1595,1596
1596,1593
1598,1599
1599,1598
1600,1598
1601,1602
1602,1604
1603,1604
1604,1605
1605,1585
1606,1609
1607,1609
1608,1606
1609,1606
1610,1611
1611,1613
1612,1610
1613,1611
1614,1610
1616,1668
1617,1618
1618,1617
1619,1620
1620,1619
1621,1623
1622,1625
1624,1625
1625,1621
1626,1629
1627,1629
1628,1629
1630,1627
1631,1629
1632,1635
1633,1635
1634,1632
1635,1636
1636,1634
1637,1638
1638,1637
1640,1620
1641,1644
1642,1644
1644,1641
1645,1646
1646,1645
1647,1648
1648,1647
1649,1648
1650,1647
1651,1656
1652,1655
1653,1656
1654,1655
1655,1656
1657,1658
1658,1657
1659,1661
1660,1659
1661,1659
1662,1660
1663,1664
1664,1663
1665,105
1666,1664
1667,1669
1668,1649
1669,1671
1670,1673
1671,1672
1672,1674
1673,1671
1674,1672
1676,1677
1677,1676
1678,1677
1679,1676
1680,1681
1681,1685
1682,1680
1683,1682
1684,1682
1686,1687
1687,1686
1688,1686
1689,1690
1690,1691
1691,1690
1693,1692
1694,1696
1695,1694
1696,1692
1697,1698
1698,1697
1699,1698
1700,1709
1701,1703
1702,1705
1703,1706
1704,1703
1705,1711
1706,1703
1707,1708
1708,1703
1709,1689
1711,1712
1712,1713
1713,1711
1714,1715
1715,1714
1716,1717
1717,1718
1718,1716
1719,1720
1720,1719
1721,1716
1722,1719
1724,1715
1725,1727
1726,1724
1727,1724
1729,1731
1730,1733
1731,1730
1732,1731
1733,1731
1734,1733
2,1219
3,67
5,7
7,6
8,7
10,11
11,13
12,11
13,12
15,31
16,15
17,12
18,17
19,17
21,22
23,16
24,18
25,26
26,28
27,26
28,29
29,6
30,27
31,1453
32,171
33,37
35,34
36,24
37,34
38,39
39,42
40,38
41,39
42,673
46,47
49,46
50,383
52,54
53,51
54,53
55,59
56,57
57,58
59,48
64,60
65,75
66,65
68,69
69,67
70,68
71,76
72,79
73,78
75,77
76,84
77,74
78,66
79,68
80,82
81,85
82,81
84,86
85,86
86,75
87,84
88,90
89,90
91,73
92,91
93,95
95,94
96,98
97,99
98,99
99,97
101,96
102,101
103,104
105,104
106,153
107,131
109,111
110,115
111,112
112,110
113,115
114,110
115,111
116,118
117,99
118,116
119,118
120,121
122,121
124,105
126,124
127,123
128,124
129,133
130,128
131,129
132,129
133,130
134,136
135,134
136,116
137,139
138,139
139,138
141,121
142,115
143,142
144,146
145,146
146,92
149,152
150,149
151,149
152,151
153,155
154,155
156,158
157,156
158,161
159,162
160,161
162,158
163,199
165,160
166,211
167,200
168,230
170,177
171,175
172,170
173,177
174,179
175,170
176,170
177,180
179,178
180,175
181,184
182,184
183,179
184,171
186,187
187,189
188,189
189,187
190,185
191,193
193,194
194,192
195,196
196,191
197,206
198,207
199,201
200,170
201,202
202,203
204,198
205,201
207,249
208,165
209,210
210,209
211,213
212,213
213,211
217,216
219,202
220,219
221,182
222,257
223,222
224,1023
228,227
229,227
231,234
232,231
233,235
234,235
235,232
236,219
238,252
240,245
241,240
242,1431
243,242
244,240
246,248
248,246
249,247
250,247
251,253
252,253
253,252
255,192
257,259
258,198
259,255
260,258
261,262
264,282
265,298
267,281
268,267
269,301
270,271
271,273
272,1685
273,270
274,270
276,273
278,279
279,280
280,279
282,265
283,285
286,285
287,284
288,285
289,299
290,291
291,292
292,293
293,291
295,265
297,295
298,296
300,296
301,305
302,304
304,119
305,302
307,308
308,307
309,307
310,319
311,313
312,313
313,314
314,358
318,330
319,321
320,322
321,1240
322,320
323,325
324,326
325,326
326,324
327,1716
328,334
329,332
330,332
331,332
332,326
333,334
334,353
335,334
336,327
337,339
338,339
339,529
341,310
343,344
344,346
345,344
346,349
347,327
348,349
349,346
350,317
351,356
352,356
353,354
356,358
357,345
358,357
359,378
360,363
361,360
362,376
364,366
365,366
366,365
368,371
369,373
370,368
371,372
372,371
373,367
374,394
375,372
376,378
377,379
378,377
379,377
380,382
382,381
383,385
384,371
385,382
387,389
388,392
390,391
391,388
395,397
397,396
398,399
400,398
401,398
402,400
404,406
405,402
406,403
408,410
409,440
410,408
411,416
412,416
414,415
415,413
416,413
417,416
418,425
420,423
421,420
422,423
423,220
424,421
425,419
426,431
427,428
428,426
432,434
434,433
435,553
436,536
437,508
438,440
439,441
440,438
441,439
442,441
444,476
446,447
447,445
448,450
450,520
451,448
453,455
454,455
455,454
456,460
457,458
458,456
459,458
460,532
461,464
462,532
463,410
464,462
465,463
466,518
467,422
468,469
469,468
470,471
471,468
472,468
474,445
475,521
476,477
477,482
478,480
479,482
480,476
481,550
482,478
483,511
484,494
485,488
486,491
487,488
488,526
490,1495
492,494
494,493
495,497
496,514
497,495
498,495
499,501
500,501
501,500
502,504
503,502
505,504
506,505
507,509
508,509
509,498
511,412
512,514
514,513
515,423
517,524
518,522
519,531
520,499
522,523
523,526
524,477
525,526
526,518
528,425
529,534
530,532
531,534
533,530
534,533
535,534
536,538
537,503
538,540
539,540
543,544
544,549
545,342
546,545
547,550
548,544
549,431
550,692
551,553
553,554
554,1636
557,456
559,560
560,559
562,565
563,562
564,562
566,563
570,1462
572,579
573,559
574,578
575,578
576,580
578,580
579,580
580,573
581,574
582,681
583,585
586,597
587,583
588,583
589,591
591,590
592,593
593,643
595,651
596,594
597,593
599,645
600,601
601,599
602,635
604,606
605,606
606,605
607,611
608,596
609,611
610,609
611,608
613,957
614,613
616,615
618,620
619,618
620,83
623,1458
624,628
625,626
629,628
632,631
633,660
634,636
635,636
636,635
637,657
638,634
639,641
640,643
641,643
642,639
643,640
645,587
646,588
647,650
648,679
649,652
650,651
651,648
652,651
653,657
654,658
656,657
657,654
658,657
660,662
661,662
662,660
663,660
665,674
666,619
667,668
668,667
670,672
671,672
672,671
673,641
674,1379
678,750
680,679
681,684
682,678
683,681
684,703
685,687
686,687
687,686
688,703
689,691
690,691
691,690
693,720
694,693
695,690
698,695
699,696
700,694
701,703
702,721
703,705
704,699
706,702
707,705
708,710
710,712
711,709
713,710
715,712
716,696
717,714
718,709
720,607
723,722
724,723
725,724
726,755
727,725
728,727
729,730
731,730
732,734
733,734
735,733
738,730
739,743
741,740
743,742
745,747
746,745
747,746
748,745
749,750
750,751
751,750
752,754
753,750
754,750
755,757
757,756
758,760
759,760
760,759
761,763
762,764
763,776
764,762
765,777
766,768
768,763
769,767
770,768
772,768
773,782
774,775
775,774
776,774
777,780
778,779
779,778
780,778
782,784
783,784
785,775
786,783
787,788
788,787
789,787
790,826
791,792
792,796
793,795
794,853
795,802
796,794
797,813
798,803
799,804
800,854
804,801
805,803
806,808
807,852
809,807
810,811
811,687
812,818
813,811
814,816
815,816
816,815
817,819
819,816
820,884
821,797
822,815
823,824
824,796
825,822
826,856
827,822
830,833
831,834
832,853
833,834
834,832
835,839
836,835
837,840
838,792
839,836
841,843
842,843
843,842
844,824
846,847
847,841
848,256
849,853
850,846
851,846
852,850
853,849
854,842
855,856
856,859
857,855
858,859
859,856
860,856
861,863
862,861
863,414
864,268
865,868
867,873
868,871
871,873
873,871
874,911
876,881
877,880
878,879
879,881
880,876
881,877
882,877
883,885
884,885
885,884
886,876
887,889
888,892
889,892
890,891
891,888
892,891
893,892
894,898
895,897
896,907
897,895
898,896
899,876
901,904
902,903
903,912
904,902
905,874
906,897
907,893
910,914
913,912
914,912
915,909
916,918
917,918
918,917
919,917
920,922
922,921
923,926
924,295
925,926
926,929
928,927
931,932
933,934
936,935
937,938
938,935
939,946
940,942
943,944
944,943
945,936
946,942
947,951
949,948
950,948
951,948
953,950
956,947
958,953
960,587
961,960
962,960
963,967
964,960
967,961
968,970
969,968
970,969
971,969
973,975
974,976
975,979
976,979
977,979
979,980
980,997
983,986
984,985
985,993
986,993
987,984
988,983
990,984
991,986
992,987
995,969
996,998
997,998
1000,1019
1001,1028
1002,1001
1003,1005
1004,1005
1005,1004
1006,1003
1007,1004
1008,1001
1009,1003
1010,1012
1011,1012
1012,1018
1013,1010
1014,1015
1015,1014
1016,1020
1017,1019
1018,1024
1019,1021
1020,1021
1021,1020
1022,1020
1023,1017
1024,1000
1025,1027
1027,1025
1028,1031
1029,1030
1030,1029
1032,1002
1033,1037
1035,1033
1036,1034
1037,1034
1038,1031
1039,1042
1041,1040
1043,1006
1048,1049
1049,1048
1050,1051
1051,1052
1052,1060
1053,1058
1054,1057
1055,1056
1056,1058
1057,1055
1058,1059
1059,1058
1062,1065
1063,1062
1064,1063
1065,1063
1067,1072
1068,1069
1069,1108
1070,1067
1071,1072
1073,1075
1074,1084
1075,1078
1076,1106
1077,1386
1078,1079
1079,1077
1080,1078
1082,1070
1083,1046
1084,1086
1085,1086
1086,1113
1089,1085
1090,1081
1091,336
1092,1097
1093,1100
1094,1095
1095,1103
1096,1101
1097,1413
1098,1081
1100,1101
1101,1099
1102,1097
1103,1093
1104,1106
1105,1106
1106,1105
1107,1102
1108,1072
1109,1111
1111,1068
1113,1110
1115,1116
1116,1114
1119,1120
1120,1118
1121,1129
1122,1119
1123,1131
1124,1126
1125,1126
1126,1125
1127,1147
1128,1125
1129,1149
1130,1131
1132,1130
1133,1141
1134,1139
1135,1138
1137,1134
1139,1520
1140,1135
1141,1135
1142,1144
1143,1145
1144,1145
1145,1149
1146,1150
1149,1147
1151,1150
1152,1151
1153,1154
1155,1154
1157,1158
1159,1157
1160,1161
1161,1195
1162,1161
1163,1174
1164,1168
1165,1162
1166,1167
1167,1176
1168,1161
1169,1163
1170,1172
1171,1172
1172,1161
1174,1175
1175,1174
1176,1189
1177,1194
1178,1197
1179,1181
1180,1181
1181,1180
1182,516
1183,1186
1184,1185
1185,1186
1186,1161
1187,1188
1188,1183
1189,1173
1190,1167
1192,1193
1193,1192
1194,1192
1196,1198
1199,1201
1200,1201
1201,1200
1202,1206
1203,1204
1205,1315
1207,1205
1210,1208
1211,1209
1212,1281
1213,1262
1214,1216
1216,1215
1217,1216
1219,1221
1222,1224
1223,1219
1224,1221
1225,1219
1226,1228
1227,1228
1228,1227
1229,1231
1230,1231
1231,1230
1232,1234
1233,1234
1234,1233
1235,1237
1237,1235
1238,1278
1239,1281
1241,1242
1242,1238
1243,1235
1244,1207
1246,1303
1247,1248
1248,1246
1249,1246
1250,1232
1251,1253
1252,1253
1253,1252
1254,1255
1255,1244
1256,1255
1257,1223
1258,1256
1259,1283
1260,740
1261,1262
1263,1373
1264,1260
1265,1297
1266,1281
1267,986
1269,1222
1270,1271
1272,1264
1274,1273
1275,1311
1276,1278
1277,1278
1278,1277
1279,1277
1280,1282
1281,1282
1282,1483
1283,1281
1284,1281
1286,1288
1287,1286
1288,1286
1289,1290
1290,1287
1291,1240
1293,1307
1294,1297
1295,1293
1296,1294
1297,1295
1298,1301
1299,1300
1300,1299
1301,1299
1305,1306
1306,1305
1307,1309
1308,1310
1309,1285
1311,1202
1312,1314
1313,1314
1314,1226
1315,1317
1316,1317
1317,1316
1318,1317
1319,1318
1321,1327
1322,1333
1323,1318
1324,1321
1326,1324
1327,1346
1328,1326
1329,1331
1330,1331
1331,1330
1332,1334
1333,1346
1334,1333
1335,1334
1336,1338
1337,1338
1339,1350
1340,767
1341,1343
1342,1345
1344,1343
1345,1340
1346,1341
1348,1340
1349,1350
1351,1349
1352,1349
1353,1350
1354,1263
1355,1323
1356,1355
1357,1356
1358,1382
1360,1369
1361,1382
1362,1374
1363,1360
1364,543
1365,1364
1367,1363
1368,1362
1369,1372
1370,1371
1372,1369
1373,1370
1374,1376
1375,1381
1376,1381
1377,1381
1378,1359
1379,1378
1381,1375
1383,1386
1384,1386
1385,288
1389,1390
1390,1392
1392,1388
1394,1393
1395,1416
1396,1404
1397,1394
1398,1397
1399,1415
1400,1396
1401,1394
1402,1395
1403,1406
1404,1403
1405,1407
1406,1414
1407,1409
1408,1409
1409,1406
1410,1413
1411,1529
1412,1394
1413,49
1414,1413
1416,1417
1417,1393
1418,1419
1419,1420
1420,1419
1422,1423
1423,798
1424,1422
1425,1427
1426,1427
1427,1433
1428,1453
1429,1426
1430,1470
1431,1426
1433,1483
1435,1468
1436,1426
1437,1436
1438,1463
1440,1441
1441,1440
1442,1443
1443,1439
1444,1446
1445,1480
1446,1470
1448,1434
1449,1451
1450,1448
1451,1453
1452,1449
1453,1450
1457,1458
1458,1457
1459,1457
1461,1458
1462,1465
1463,1450
1465,1467
1467,1465
1468,1470
1469,1444
1470,1469
1472,1474
1473,1460
1474,1473
1476,1478
1477,1476
1478,1479
1479,1476
1480,1482
1481,1482
1483,69
1484,1425
1485,1432
1486,1437
1487,1447
1488,1486
1490,1486
1491,1487
1492,1490
1493,1501
1494,1500
1495,1493
1497,1579
1498,1497
1500,1491
1501,1519
1502,1499
1503,1505
1504,1505
1505,1504
1506,1504
1507,1511
1508,1507
1509,1286
1510,1521
1512,775
1513,1522
1514,1517
1516,1515
1517,1515
1518,1489
1519,1521
1521,1518
1523,1518
1524,1520
1525,1526
1526,1520
1527,1525
1528,1199
1529,1554
1530,1540
1531,1552
1532,1536
1533,1534
1535,1547
1536,1539
1538,1529
1539,1541
1540,1541
1541,1542
1542,1538
1546,1548
1547,1548
1548,1549
1549,1548
1550,1552
1551,1550
1552,1550
1553,1551
1554,965
1555,1556
1556,1554
1558,1560
1559,1560
1561,1559
1563,1572
1564,1579
1566,1567
1567,1575
1568,1564
1569,1571
1570,1571
1571,1570
1573,1575
1574,1575
1575,1574
1576,1573
1577,1579
1578,1579
1579,1578
1580,1582
1581,1580
1582,1580
1583,1584
1586,1591
1587,1592
1588,1587
1590,1567
1591,1586
1594,1595
1595,1611
1596,1594
1598,1600
1599,1600
1600,1599
1601,1603
1602,1605
1603,1605
1604,1580
1605,1576
1606,1608
1608,1607
1609,1607
1612,1611
1613,1610
1614,1596
1618,1654
1619,1672
1621,1625
1622,1623
1624,1621
1625,1622
1626,1634
1627,1630
1628,1626
1630,1635
1631,1673
1632,1636
1633,1634
1634,1633
1635,1633
1636,1632
1637,1639
1638,1639
1640,1686
1641,1643
1644,1642
1645,1639
1646,250
1647,1649
1648,1649
1649,1650
1651,1654
1652,1654
1653,1652
1654,1651
1655,1651
1657,1466
1659,1660
1660,1662
1661,1660
1662,1681
1663,1665
1664,1665
1666,1663
1667,1668
1669,1672
1670,1668
1671,1667
1672,1659
1673,1672
1674,1670
1676,1679
1677,1678
1679,1678
1680,1683
1681,1682
1682,1681
1683,1680
1684,1680
1686,1688
1687,1625
1688,1687
1689,1691
1690,1714
1691,1697
1694,1693
1695,1692
1696,1693
1697,1699
1698,1691
1699,1697
1700,1707
1701,1700
1702,1709
1703,1702
1704,1702
1706,1709
1707,1701
1709,1699
1711,1713
1712,1711
1713,1705
1714,1513
1715,1733
1716,1718
1717,1716
1718,1717
1719,1722
1720,1721
1722,1720
1724,1085
1725,1726
1726,1725
1729,1732
1730,1729
1731,1732
1732,1730
1734,1730
5,8
7,5
8,13
10,13
11,6
12,13
13,17
16,30
19,34
21,10
23,26
24,1203
26,32
27,28
28,20
30,31
31,1162
33,489
35,25
36,141
37,35
39,38
40,39
41,51
46,48
49,47
52,60
53,52
54,41
56,58
57,56
66,88
68,66
69,68
70,844
73,74
75,79
77,69
80,68
81,27
82,91
84,85
85,87
86,91
87,85
88,91
89,91
91,86
92,89
93,125
95,126
96,99
97,159
98,96
99,98
102,142
103,101
105,159
106,1449
109,126
110,103
111,115
112,111
113,100
114,111
115,114
116,149
117,122
120,122
126,125
127,124
128,149
129,128
130,132
131,132
132,130
133,129
134,118
135,114
137,105
138,503
139,99
141,667
142,159
143,144
144,145
145,134
146,108
149,128
150,151
151,150
152,150
153,114
154,116
156,164
157,163
159,165
160,164
162,157
163,183
165,163
168,1393
171,179
172,245
173,171
174,172
175,171
176,178
177,176
179,243
180,177
181,183
182,183
184,893
186,185
187,186
188,187
189,1638
190,187
191,194
194,193
195,193
196,192
199,204
200,192
201,199
202,197
204,206
205,206
207,219
208,231
209,217
210,187
211,214
212,172
213,214
217,227
219,255
220,221
221,178
223,224
228,229
229,228
231,235
232,233
233,230
234,259
235,170
236,178
238,895
240,691
241,245
243,184
244,251
246,249
248,247
249,246
250,248
251,245
252,176
253,203
257,238
258,250
259,254
260,259
261,257
265,305
268,277
269,903
270,272
271,292
273,271
274,271
278,289
279,287
280,297
283,288
286,287
287,283
288,284
289,293
290,293
291,293
292,498
293,292
295,280
297,298
298,297
300,297
301,304
302,303
305,303
307,309
308,309
309,308
311,925
312,343
313,356
314,332
318,357
319,322
320,321
322,332
323,326
324,346
325,327
326,325
328,339
329,354
330,349
331,1187
332,324
333,344
334,349
335,328
336,510
337,329
338,332
341,177
343,348
344,335
345,346
346,350
348,343
349,343
350,337
351,353
353,355
356,320
358,312
360,359
361,362
362,822
364,373
365,389
366,400
368,394
369,367
370,367
371,377
372,370
373,401
374,395
375,367
376,379
378,369
379,378
380,393
382,404
384,378
387,392
388,387
390,380
391,389
395,378
397,378
398,400
400,401
401,400
404,405
405,630
406,519
408,409
410,452
411,415
412,411
414,534
415,414
416,415
417,412
418,420
422,1478
424,423
426,428
427,429
428,431
432,424
434,533
435,1352
437,488
438,441
439,445
440,408
441,440
442,440
444,545
446,509
447,516
448,451
451,262
455,417
456,449
457,459
458,459
459,460
460,525
461,443
464,461
465,520
466,473
467,427
469,473
470,472
471,469
474,1375
475,506
476,479
477,481
478,475
479,481
480,481
481,415
485,490
486,455
487,429
488,558
492,131
494,499
495,498
496,548
499,497
500,497
501,488
502,505
503,504
505,502
506,478
507,469
508,502
509,472
512,515
514,515
515,454
517,525
518,508
519,499
522,524
523,519
524,498
525,522
526,525
529,530
530,528
531,535
533,528
534,532
535,532
536,530
537,423
538,442
539,495
543,547
544,550
546,541
547,410
548,546
549,498
551,423
553,480
557,528
559,561
560,558
562,22
563,573
564,579
566,565
572,1263
573,438
574,579
575,576
576,565
578,574
579,568
580,578
581,570
582,584
583,586
587,584
588,620
589,588
591,1204
592,594
593,649
595,620
596,655
597,594
600,1091
602,677
604,621
605,582
606,589
607,593
609,610
610,659
611,609
614,632
618,665
619,641
623,455
624,632
625,628
629,624
632,633
634,637
635,637
636,634
637,666
638,593
639,642
640,639
641,583
642,656
643,641
645,660
646,625
647,649
648,638
649,648
651,650
652,649
653,628
654,672
656,654
657,602
658,656
660,601
661,663
662,661
663,662
668,661
670,583
671,439
672,604
673,621
680,681
681,633
682,679
683,678
685,714
686,327
687,696
688,720
689,711
690,714
691,713
693,901
694,710
698,702
699,697
700,723
701,704
703,706
708,714
711,716
713,707
715,714
716,682
717,699
718,1561
723,724
724,727
725,721
726,550
727,726
728,724
729,741
731,754
732,735
733,735
735,734
739,741
745,748
746,747
748,746
749,745
750,752
751,752
752,736
753,751
754,751
755,747
757,748
758,1151
759,755
761,764
762,786
763,777
764,763
765,1112
769,770
770,767
772,782
773,770
775,776
776,775
777,778
778,780
779,780
780,779
783,770
785,777
787,789
788,822
789,788
790,825
791,1500
792,794
793,794
794,804
795,864
796,809
797,1016
798,503
799,802
804,803
805,802
806,809
809,808
810,812
812,842
813,812
815,818
816,817
817,843
819,815
823,791
824,811
825,823
827,850
830,832
831,827
833,848
834,787
835,840
836,523
837,855
838,852
841,844
842,841
843,835
846,848
847,843
849,787
850,852
853,852
854,810
855,857
856,846
857,859
858,854
859,867
860,858
862,858
863,712
865,342
867,864
868,870
871,862
873,905
874,913
876,923
877,881
878,886
879,882
880,881
881,878
882,878
883,886
884,886
886,56
887,910
888,926
889,891
890,902
891,889
892,889
893,888
895,896
897,896
898,897
901,902
902,890
903,883
904,903
905,895
907,897
910,909
913,911
914,913
915,912
916,919
917,919
918,919
919,918
922,916
923,927
925,905
926,924
928,907
931,938
933,938
936,944
937,936
938,933
940,943
943,941
944,940
945,938
949,947
950,949
956,949
958,956
961,962
962,964
964,961
967,964
968,1220
969,970
970,971
971,970
973,976
974,977
975,978
977,986
980,995
983,992
984,998
985,986
986,984
987,983
988,995
990,974
991,987
992,984
995,998
996,986
997,974
1002,1006
1005,1006
1006,1008
1007,1002
1009,1002
1010,1001
1011,1010
1012,358
1013,1021
1014,1012
1015,1011
1016,1021
1017,1016
1020,1019
1021,1017
1022,1016
1023,1019
1027,1026
1028,1043
1029,1028
1030,1031
1032,1674
1033,1032
1035,1034
1036,1035
1037,1033
1038,45
1039,1013
1041,1042
1043,1041
1048,1025
1049,1018
1050,1052
1051,1053
1053,1054
1054,1058
1057,1056
1058,1060
1059,1062
1062,1066
1063,1064
1064,1066
1065,1061
1068,1070
1069,1066
1070,1069
1071,1069
1073,1112
1074,1086
1075,1086
1076,1436
1078,1076
1079,1080
1080,1075
1084,1087
1085,1087
1089,1086
1090,1625
1092,1096
1093,1096
1094,1106
1095,1100
1096,1094
1098,1067
1100,1110
1101,1095
1102,1095
1103,1102
1104,1107
1105,1070
1106,1080
1107,1105
1109,1112
1113,1111
1115,1144
1119,1121
1120,1119
1121,1693
1122,1123
1123,1146
1124,1152
1125,1127
1126,1127
1128,1126
1129,1125
1130,1132
1132,1131
1133,1140
1134,1140
1135,1137
1137,1139
1140,1137
1141,1121
1142,1145
1143,1124
1146,1148
1149,1148
1151,1155
1152,1155
1153,1155
1155,62
1157,1161
1159,1158
1160,1169
1162,1168
1166,1156
1168,1164
1169,1160
1170,1194
1171,1154
1172,1197
1177,1171
1178,1169
1179,1161
1180,1190
1181,1189
1183,1187
1184,1186
1185,196
1187,1287
1188,1186
1189,1199
1192,1160
1193,1191
1194,1190
1196,1185
1199,1188
1200,1198
1201,1277
1203,1207
1205,1326
1207,1204
1210,1285
1211,1210
1212,1239
1213,1226
1216,1279
1217,1236
1219,1222
1222,1221
1223,1220
1225,182
1226,1637
1227,1300
1228,1267
1229,235
1231,1217
1232,1259
1233,1229
1235,1232
1237,1241
1239,132
1241,1235
1242,1236
1243,1253
1244,1227
1246,1290
1247,1245
1248,1250
1249,1248
1250,1286
1251,1269
1252,1297
1254,1258
1255,214
1257,1244
1258,1254
1259,1216
1261,558
1264,1261
1265,1251
1266,1243
1269,1296
1270,1291
1274,1275
1275,1286
1276,1279
1277,1279
1279,1278
1280,1284
1281,1280
1282,1489
1283,1282
1284,1282
1286,1290
1287,1288
1288,1287
1289,1224
1290,1220
1294,1296
1295,1651
1296,1295
1297,1294
1298,1291
1299,1301
1300,1115
1301,1300
1305,1264
1306,1288
1307,1310
1308,1309
1309,1229
1312,1235
1313,1308
1314,929
1315,1285
1316,1318
1317,1329
1318,1319
1319,1320
1321,1322
1324,1328
1326,1321
1327,1672
1328,1322
1329,1336
1330,1341
1331,1337
1332,1335
1334,1335
1335,1348
1336,1342
1339,1352
1342,1341
1345,1341
1346,1344
1348,1235
1349,1352
1352,1320
1353,1349
1356,1354
1357,1378
1360,1375
1361,1356
1363,698
1365,1366
1369,1371
1370,1372
1372,1370
1373,1371
1374,1381
1375,1377
1376,1375
1377,1374
1378,1372
1379,1377
1381,1377
1383,1097
1384,1392
1389,1387
1390,1388
1394,1404
1395,384
1396,1401
1397,1398
1398,1414
1400,1404
1401,1395
1402,1404
1404,1407
1405,1406
1406,1468
1408,1407
1409,1407
1410,1414
1416,1388
1418,1406
1419,1398
1420,1391
1422,1424
1424,1423
1425,1428
1426,1429
1427,1480
1429,1431
1431,1423
1433,1457
1435,1425
1436,1474
1437,1438
1440,1442
1441,1442
1442,1432
1443,1128
1444,1447
1445,1429
1446,318
1448,1162
1449,11
1450,1451
1451,1448
1452,1450
1453,1448
1457,1459
1458,1461
1459,1460
1461,1473
1462,1426
1465,1462
1468,1471
1469,775
1470,1471
1472,1464
1476,1479
1477,1478
1478,1476
1479,1478
1480,1483
1481,1433
1485,1450
1486,1480
1488,1490
1491,1488
1492,1488
1493,1514
1494,1493
1495,1521
1498,1496
1501,1440
1502,1504
1503,1506
1504,1506
1505,1503
1506,1505
1507,1509
1508,1510
1510,1517
1514,1516
1516,1517
1517,1216
1519,1523
1521,1505
1523,1521
1524,1523
1525,1502
1526,1519
1527,1518
1531,1539
1532,1533
1533,1530
1535,1414
1536,1527
1538,1541
1539,1543
1540,1542
1541,1544
1546,1549
1547,1549
1548,1546
1549,1535
1550,1551
1551,1478
1552,1554
1553,1552
1554,128
1555,1557
1556,1555
1558,1561
1559,1562
1561,1560
1566,1564
1568,1565
1570,1595
1571,1578
1573,1574
1574,1576
1575,1673
1576,1583
1577,1580
1579,1606
1580,1560
1581,1603
1582,1568
1583,1599
1586,1589
1587,1588
1588,1589
1594,1593
1596,1595
1598,1587
1599,1591
1601,1604
1602,1603
1603,1602
1606,1607
1608,1609
1609,1608
1612,1613
1613,1612
1614,1604
1618,1643
1621,1337
1622,1624
1624,1623
1625,1681
1627,1628
1628,1630
1630,1633
1631,1206
1632,1633
1633,1685
1634,1635
1635,1648
1636,1635
1638,1619
1647,1650
1648,1650
1649,1647
1651,1655
1652,1656
1653,1651
1654,1678
1655,1639
1659,1662
1660,1661
1661,1662
1663,1666
1664,1666
1667,1673
1669,1627
1670,153
1671,1673
1673,1663
1674,1639
1676,1446
1677,1679
1679,1643
1680,1682
1681,180
1682,1685
1683,1681
1684,1672
1686,1642
1688,1634
1689,458
1691,1694
1694,1692
1695,1714
1696,1694
1697,1705
1698,1709
1699,1693
1701,1705
1702,1708
1703,1698
1704,1710
1706,1700
1707,1704
1709,1186
1712,1705
1715,1725
1716,1720
1717,1731
1718,1715
1720,1722
1722,1721
1726,1727
1729,1734
1730,1732
1731,1734
1732,1729
1734,1732
5,9
7,32
8,25
10,37
11,21
13,8
16,9
19,33
21,379
23,801
24,794
26,19
27,29
30,1137
31,517
36,1609
37,36
39,60
40,1179
41,61
46,56
49,51
52,43
53,54
54,62
56,59
68,65
69,74
73,76
75,76
77,1587
80,71
82,69
84,83
85,71
86,752
87,86
88,92
89,92
91,1661
92,90
93,141
95,125
96,142
98,147
103,146
105,662
110,94
111,129
112,113
113,121
114,112
115,112
120,132
126,127
127,1624
128,100
129,135
131,157
132,131
133,128
134,519
135,102
137,51
139,136
142,148
144,143
146,152
149,130
150,152
151,130
152,103
153,141
154,131
156,135
157,159
159,104
160,163
162,165
163,255
165,164
171,177
172,344
174,178
175,178
176,174
177,178
179,693
180,178
181,249
182,172
186,190
187,190
188,1477
190,202
191,195
194,195
196,235
199,200
201,185
202,198
204,229
205,202
208,1543
209,195
211,243
212,168
217,300
219,968
220,222
221,230
223,170
228,191
229,212
231,177
232,230
233,241
235,199
241,247
244,167
246,169
248,250
249,1633
250,249
251,218
252,856
253,214
257,207
259,256
260,262
261,259
265,279
268,278
270,269
273,272
274,272
278,527
279,264
283,284
286,288
287,265
288,280
289,277
290,292
293,294
295,284
297,296
298,299
300,298
301,295
302,301
305,304
307,283
308,266
309,310
312,837
320,346
323,327
325,323
326,327
328,357
329,1587
332,337
335,1540
337,358
338,1254
343,350
344,334
345,347
348,311
349,347
350,1209
351,311
353,337
360,362
361,363
362,581
366,929
368,404
369,448
370,374
371,384
372,373
373,389
375,374
376,382
378,400
379,403
380,360
384,86
387,386
388,390
390,403
391,390
395,367
397,385
398,377
400,361
401,277
404,1034
411,482
412,414
415,411
416,417
417,469
418,477
424,419
426,520
427,430
428,182
432,511
438,439
439,1672
441,438
442,438
446,159
448,452
455,435
456,533
457,460
458,554
459,456
461,513
464,463
466,548
467,473
469,506
470,469
471,473
474,1697
475,813
476,482
477,1265
479,480
480,537
481,555
485,491
486,535
487,534
488,1721
495,145
496,1222
500,464
501,446
502,506
503,506
505,506
506,497
507,444
509,1532
512,516
514,516
515,530
517,527
518,415
522,406
523,412
526,507
529,532
530,531
531,552
533,535
534,535
535,530
536,452
537,516
538,432
539,546
543,548
544,546
546,542
547,532
548,519
549,415
551,1325
557,1706
559,579
560,565
563,570
566,559
574,568
576,566
579,564
583,587
587,588
589,612
592,596
595,674
597,595
600,283
602,605
604,653
606,665
609,608
610,643
611,610
614,472
619,130
624,657
625,679
629,638
632,600
634,638
635,638
636,646
638,644
639,643
640,641
641,672
642,583
643,642
647,644
649,650
651,652
652,593
653,661
654,676
656,655
657,1487
658,619
660,659
661,591
663,680
670,625
672,687
673,942
680,682
681,300
682,680
685,1575
687,709
688,697
690,695
691,684
693,1362
694,704
699,715
700,714
701,705
703,712
708,713
711,710
713,700
715,716
716,720
717,682
718,221
723,682
724,718
725,728
727,722
728,726
733,754
739,740
745,744
746,748
748,754
749,735
750,753
751,753
752,740
753,752
754,749
755,742
757,743
758,95
759,1013
761,777
764,769
769,779
770,769
772,774
775,777
776,768
778,1636
779,774
780,773
785,769
787,790
788,842
789,799
790,791
792,793
793,809
795,1452
799,801
804,802
805,843
806,814
809,804
810,849
813,788
815,831
816,818
817,832
819,817
823,799
825,824
827,792
830,834
831,816
833,823
834,1149
835,838
837,808
838,832
841,814
843,856
846,808
849,831
850,853
853,812
855,858
857,813
858,855
860,859
863,209
865,812
868,862
873,913
874,1227
876,895
877,882
879,890
880,476
881,879
882,879
883,872
884,873
888,920
889,887
891,892
892,911
895,873
897,886
898,926
901,900
902,886
904,914
905,1045
907,905
910,898
913,914
914,911
915,910
916,893
917,899
918,907
919,885
922,914
923,929
925,880
926,884
933,932
936,942
937,939
938,934
940,944
943,940
945,943
949,957
950,957
956,950
958,955
961,963
962,967
964,963
969,986
970,977
971,989
973,977
974,970
975,993
980,974
983,987
985,991
986,358
987,995
991,975
992,977
995,972
1005,1002
1006,1040
1007,1031
1009,1004
1011,1013
1013,1040
1014,1011
1015,1012
1016,1023
1017,1018
1020,1017
1021,1018
1022,1017
1029,1632
1030,1041
1033,1035
1035,1036
1036,1033
1037,1032
1038,197
1048,1000
1049,1045
1050,1057
1053,1055
1054,1056
1057,1058
1059,1054
1063,1065
1064,1061
1065,1066
1068,1071
1071,1077
1073,1067
1074,1092
1075,1066
1078,1075
1079,1065
1080,1076
1084,1088
1085,1088
1089,1087
1092,1098
1093,1098
1094,1066
1095,1094
1096,1093
1100,1090
1101,1103
1102,1096
1103,1077
1104,1078
1105,1083
1109,1113
1113,1112
1115,1400
1119,1122
1120,1122
1122,1121
1123,1127
1125,1128
1126,1124
1128,1127
1129,795
1130,1137
1132,11
1133,1134
1134,1137
1135,1153
1137,1135
1140,1130
1142,1135
1143,1134
1146,1151
1149,1150
1151,1118
1152,1143
1153,1148
1159,1154
1160,1165
1162,1186
1166,1180
1168,1169
1170,1189
1171,1178
1178,1182
1180,1491
1181,1168
1183,1189
1184,1187
1189,201
1192,1169
1193,1166
1194,1191
1200,1186
1201,1269
1203,1270
1207,1263
1210,1286
1211,1276
1212,1201
1213,249
1217,1221
1219,1218
1222,1257
1223,1221
1226,1113
1227,1238
1228,1304
1231,1240
1232,1210
1233,1249
1235,1095
1237,1243
1241,1239
1242,1237
1243,925
1246,1385
1248,1245
1249,1250
1254,1257
1257,1271
1258,1247
1259,390
1264,1262
1265,1254
1266,1301
1269,1282
1270,1278
1274,1206
1276,1285
1279,1228
1281,1251
1283,1284
1284,1283
1286,1281
1287,1289
1288,1289
1289,1271
1290,1279
1294,1293
1296,1297
1297,1247
1298,1262
1301,1207
1306,1294
1307,1311
1308,1311
1313,1273
1315,1640
1316,1319
1318,1316
1319,1341
1321,1325
1324,1326
1328,1325
1329,1328
1331,1353
1332,1328
1334,1317
1335,1346
1336,1348
1339,655
1342,1340
1345,1343
1346,1345
1349,1353
1353,1330
1356,1382
1357,1360
1360,1359
1361,1402
1363,522
1365,1368
1369,1368
1370,1373
1372,1371
1373,1372
1374,1375
1375,1376
1376,1379
1377,1373
1379,1381
1381,1376
1384,1388
1389,1416
1390,1382
1394,1401
1396,1394
1397,1399
1398,1412
1400,1397
1401,1420
1402,1399
1404,1412
1406,356
1408,1410
1409,1408
1410,1411
1416,1389
1418,1415
1419,1403
1420,1412
1422,1446
1424,1485
1425,1429
1426,1430
1429,1451
1431,1480
1436,883
1437,1456
1440,1448
1441,1443
1442,1458
1444,1426
1445,1485
1446,1522
1449,1317
1450,1452
1452,1451
1457,1460
1459,1431
1461,1435
1465,1427
1468,1450
1469,292
1470,1476
1472,1449
1476,1456
1477,1431
1478,1441
1479,1443
1480,1458
1481,1478
1485,1435
1486,1518
1488,1475
1491,1489
1492,1486
1493,749
1494,1498
1495,648
1498,1500
1502,1513
1503,1490
1504,1507
1505,1491
1507,1510
1514,1512
1516,1501
1519,1518
1521,1504
1524,1527
1526,1530
1527,1519
1532,1534
1533,1532
1536,936
1538,1388
1539,1537
1540,1543
1541,1121
1546,1552
1547,1537
1548,1528
1549,1550
1550,1376
1552,1548
1553,1529
1555,1574
1556,1581
1558,1562
1559,1558
1561,1562
1566,1593
1568,1566
1571,1564
1573,1609
1577,1573
1581,1590
1586,1594
1588,1590
1594,1571
1596,1583
1599,1564
1601,1605
1602,1561
1603,1577
1609,1605
1612,1581
1613,1600
1614,1564
1622,1619
1627,1619
1628,1627
1630,849
1631,869
1632,1667
1634,1636
1636,1673
1647,1679
1648,1658
1649,1384
1651,1617
1652,1651
1653,1655
1655,1669
1660,1617
1661,1642
1663,1644
1664,1667
1667,1616
1669,1458
1671,1668
1677,1628
1679,759
1680,1685
1682,1630
1683,1685
1684,1633
1688,1647
1689,815
1691,1713
1694,1699
1695,1700
1696,1695
1701,1702
1702,1711
1703,1284
1704,1713
1707,1702
1712,1714
1715,1123
1716,1722
1718,1720
1720,1724
1722,1727
1726,1728
1729,888
1731,1729
1732,1734
1734,1731
5,1
7,11
10,848
11,29
13,21
16,26
19,31
21,1501
24,589
26,35
27,30
31,406
37,8
39,51
41,194
46,923
49,44
52,229
53,63
54,49
56,62
68,88
69,78
73,79
75,90
77,964
80,89
82,1206
85,117
87,80
88,70
89,85
91,1205
92,795
93,137
95,119
96,143
98,57
103,139
110,102
112,114
113,150
114,113
115,130
120,100
126,111
132,133
133,109
135,120
139,141
144,137
146,1396
149,100
151,139
153,152
154,399
157,111
159,511
160,157
162,164
165,159
171,173
174,176
175,179
176,179
177,187
179,1526
180,246
181,191
186,235
187,197
191,196
194,196
196,1505
199,205
201,1353
202,206
204,923
205,197
209,240
211,1481
212,187
217,1684
220,223
221,172
223,194
228,172
229,250
231,186
235,333
241,183
244,669
248,228
249,1457
250,200
251,206
253,222
259,261
260,254
261,258
268,263
270,274
273,274
274,273
279,286
283,308
286,281
290,306
293,284
295,127
297,284
298,300
300,299
302,285
305,284
307,282
308,295
320,13
323,345
325,352
326,352
328,315
332,662
335,292
343,349
345,348
348,1530
349,348
353,336
360,394
361,377
370,397
371,1622
372,367
373,364
375,370
378,389
379,1704
380,376
387,364
388,379
390,366
391,392
395,362
397,559
400,393
401,789
404,201
411,53
412,413
415,449
416,515
417,1185
418,435
426,439
427,431
432,471
438,442
441,502
442,407
448,431
455,751
456,444
457,429
459,549
461,477
464,532
467,328
469,433
470,468
471,464
476,505
479,455
480,513
485,486
487,683
496,809
500,356
501,1125
502,757
503,496
505,541
507,516
512,52
514,420
515,1372
517,409
523,410
526,332
529,456
530,535
533,406
534,528
535,533
536,451
537,715
538,298
543,541
544,543
546,441
547,458
551,1275
559,563
560,577
563,1168
566,574
574,434
579,356
583,588
587,585
589,599
592,674
595,1559
597,596
604,671
606,645
609,681
610,1697
611,612
624,644
625,418
629,651
632,1638
634,614
635,646
636,628
639,644
640,644
642,594
643,644
647,585
649,654
651,658
654,681
656,658
660,595
672,1395
673,1286
680,683
681,1523
682,716
685,322
687,1038
688,186
690,694
691,948
694,714
699,689
700,1622
701,706
703,690
708,711
711,695
713,1251
715,709
717,1094
723,705
724,699
725,689
727,723
728,754
733,744
739,754
745,756
746,1216
749,736
750,754
751,754
753,754
754,752
755,748
757,729
759,397
761,1339
764,779
769,782
772,783
779,1685
780,767
785,212
787,855
788,839
789,793
792,797
799,805
804,805
805,794
806,852
809,852
810,857
815,802
816,819
817,799
819,798
825,826
827,115
830,791
831,837
834,1164
835,787
837,1268
838,841
841,825
843,239
849,815
850,851
855,859
858,857
860,863
868,860
874,601
876,887
877,878
879,896
881,880
882,880
883,890
884,892
889,893
891,913
892,1138
895,877
897,882
898,37
901,117
902,891
907,1442
910,872
913,887
914,910
915,903
916,876
917,558
918,1091
919,202
922,636
923,928
925,890
926,920
933,1234
936,931
937,930
938,929
940,459
943,939
945,933
949,951
950,951
958,952
961,964
962,965
964,968
970,973
973,978
974,997
975,990
983,985
985,988
986,1385
987,997
992,315
995,978
1005,1003
1006,251
1007,1037
1009,1006
1011,1030
1013,1036
1014,1032
1015,1013
1016,1019
1017,1021
1020,1018
1021,1022
1022,1019
1030,1034
1033,1013
1035,1037
1036,1014
1037,1038
1048,724
1049,1035
1053,366
1054,1059
1057,1060
1063,1066
1064,1075
1065,1064
1068,1072
1071,1094
1073,1103
1074,1078
1075,138
1078,1077
1079,1074
1080,1097
1084,1089
1085,1089
1089,1088
1092,1099
1093,1089
1094,1108
1095,1102
1096,1097
1100,1088
1101,1094
1102,1093
1103,459
1109,1084
1119,1123
1120,1131
1122,1120
1125,1150
1126,1139
1128,1141
1133,1145
1134,1127
1135,1148
1137,1133
1140,1120
1142,1114
1143,1127
1146,1152
1149,1151
1152,1132
1159,1166
1160,1164
1162,1071
1166,1174
1168,1175
1170,1097
1171,1167
1180,53
1181,57
1183,1198
1184,1188
1193,1176
1194,1179
1200,1164
1201,44
1207,1134
1212,1206
1217,1223
1222,1283
1223,1222
1227,1271
1228,1255
1231,1307
1232,1266
1233,38
1237,1236
1241,1236
1242,1244
1243,846
1246,1335
1248,1247
1249,1264
1254,1207
1258,187
1264,1263
1266,1285
1269,1303
1270,1101
1274,1284
1276,1305
1281,1219
1283,1309
1284,1244
1286,1301
1287,1290
1288,1290
1289,981
1294,55
1296,1246
1297,1217
1298,600
1301,1252
1306,1285
1307,1209
1308,1298
1316,1320
1318,30
1321,1318
1324,1347
1328,1324
1329,1322
1331,1345
1336,1333
1345,1328
1346,1343
1349,1347
1353,1345
1357,1364
1360,1372
1365,1362
1369,1363
1370,1356
1372,1378
1375,1379
1376,1374
1377,1368
1381,1379
1384,1382
1390,1403
1394,1397
1396,1393
1397,1415
1400,1401
1401,1406
1402,1400
1408,1388
1409,929
1416,1351
1418,636
1419,1399
1422,1106
1424,1437
1425,1430
1426,1428
1437,1443
1440,1487
1441,1469
1442,1022
1444,972
1449,189
1450,1476
1452,1453
1457,1461
1459,1476
1461,273
1465,1451
1468,432
1472,1486
1476,1484
1477,1487
1478,60
1479,1449
1480,1112
1491,1490
1492,1516
1494,1496
1498,1515
1503,1523
1504,1493
1507,1521
1516,1503
1519,1499
1521,1494
1527,1530
1533,1531
1540,1552
1546,1517
1548,534
1552,1528
1555,1585
1558,1586
1559,1595
1561,1605
1568,1567
1571,1610
1581,712
1586,1574
1588,1591
1596,1610
1601,1587
1602,109
1603,1561
1609,1577
1612,1604
1613,1594
1614,1579
1627,1644
1628,1631
1632,1685
1634,1676
1636,1658
1647,1641
1652,1677
1653,1654
1655,117
1661,1640
1663,1650
1664,1619
1667,1619
1671,1669
1677,1634
1680,1651
1682,1674
1683,1684
1684,1648
1688,1632
1691,1452
1694,1712
1695,1699
1696,1714
1701,1709
1702,1520
1704,1073
1707,1710
1712,1707
1716,1302
1718,1721
1720,1725
1722,1327
1726,1723
1729,747
1731,1733
5,0
10,180
11,1693
26,1194
27,31
37,18
39,191
52,11
53,57
54,705
56,45
68,79
73,84
80,77
87,1393
88,77
89,86
92,1299
93,15
95,1167
96,122
103,131
110,785
112,115
114,115
115,121
120,136
126,158
132,119
133,278
135,118
139,125
144,156
146,1102
149,145
151,107
153,123
154,1539
157,148
160,159
162,255
165,211
171,180
174,259
175,172
176,532
177,755
180,236
181,1683
187,198
191,224
194,162
199,177
202,200
204,1496
205,204
209,211
211,1093
212,417
220,224
221,1564
223,160
228,173
229,183
231,218
235,1132
241,213
244,809
248,1576
250,238
251,233
253,246
259,260
260,255
261,255
270,1021
273,306
274,294
279,308
283,278
286,266
290,289
293,273
297,286
298,266
300,270
302,275
305,839
307,288
308,1235
323,348
325,1679
326,21
328,348
343,356
345,349
349,314
361,389
370,1230
371,809
372,375
375,368
379,1642
387,147
388,382
391,364
395,384
400,1614
412,448
415,1676
416,541
418,410
426,453
427,539
438,410
448,420
456,502
457,333
459,491
461,1617
467,1392
469,834
470,425
471,518
476,547
479,526
480,1662
485,418
501,809
503,412
505,450
507,121
514,536
515,102
517,1131
523,272
526,1689
529,498
530,529
533,547
534,1709
535,498
536,477
543,542
544,545
546,511
547,482
551,1580
559,171
560,568
566,571
579,28
583,1602
587,673
589,585
592,651
597,617
606,626
609,125
611,636
629,631
632,380
634,681
635,1653
636,653
639,660
640,598
642,631
643,600
647,830
649,1481
651,665
654,1125
656,673
660,991
680,684
687,1178
690,685
691,465
699,703
700,848
701,1177
703,722
708,707
713,843
715,702
723,639
724,689
727,738
728,746
745,727
750,738
751,740
753,742
754,1132
757,926
761,1320
769,780
772,784
779,1671
780,437
787,260
788,821
789,1549
792,1104
799,803
804,812
809,802
810,845
815,805
816,820
817,822
825,827
830,826
835,795
838,847
841,792
850,812
855,860
858,863
868,865
876,894
877,876
879,920
881,882
882,881
883,924
889,915
891,895
895,1031
902,452
910,925
913,895
914,909
916,911
917,831
923,924
933,588
937,944
938,932
943,748
949,955
950,955
958,964
961,968
964,966
970,151
973,979
974,812
975,994
985,990
987,86
995,985
1005,1001
1007,1329
1009,1017
1011,1035
1013,1569
1014,1382
1017,1013
1020,1022
1021,1030
1022,1018
1030,1139
1033,1018
1035,1038
1037,1031
1048,954
1049,1028
1054,1061
1057,1059
1063,1091
1064,1083
1068,1108
1071,70
1073,1094
1075,671
1078,1088
1079,1090
1084,1099
1085,1109
1089,1108
1092,1106
1093,1076
1094,1063
1096,1099
1101,1100
1102,1092
1109,1072
1119,1126
1120,716
1122,1134
1125,1140
1126,1138
1128,1123
1133,1194
1134,1129
1135,481
1137,1115
1142,1138
1146,1154
1149,1152
1159,1183
1160,1166
1166,1199
1168,1198
1170,1563
1171,1174
1181,20
1183,1077
1184,1189
1193,493
1194,1162
1200,1457
1201,1136
1212,1653
1217,1224
1222,606
1223,1224
1227,1244
1232,135
1237,1281
1241,1238
1242,1219
1249,1234
1254,351
1258,1043
1264,1310
1266,1289
1269,1288
1283,1291
1287,1280
1288,1272
1294,1639
1296,1415
1301,1088
1306,1208
1307,1252
1308,1259
1316,1345
1321,357
1324,1342
1328,1343
1329,1346
1336,739
1345,1350
1346,1187
1349,1331
1353,1328
1357,748
1360,1357
1365,1363
1369,805
1370,1366
1372,1368
1375,1378
1376,1380
1377,1366
1381,1383
1384,1368
1390,1395
1394,1396
1396,1398
1397,1410
1400,1415
1401,1414
1402,1401
1408,1419
1409,989
1418,1357
1422,485
1424,1440
1425,1431
1426,1481
1441,1470
1442,451
1444,507
1450,741
1452,1463
1457,1479
1459,1507
1461,1112
1465,1473
1472,1248
1476,1426
1477,448
1478,620
1479,1450
1480,146
1491,1492
1492,1501
1494,1497
1498,1516
1503,1502
1504,1491
1507,1500
1540,1554
1552,1536
1558,1608
1559,1563
1561,727
1568,1605
1571,549
1588,1592
1601,1557
1603,1583
1609,1573
1613,1586
1614,1600
1627,1648
1628,1637
1632,1176
1634,1648
1647,1670
1652,1638
1653,1617
1661,1669
1663,1679
1664,1681
1667,1622
1671,1674
1682,1620
1683,1630
1684,1674
1688,341
1691,345
1694,1705
1696,1699
1712,471
1718,1727
1720,1733
1726,1716
1731,1721
5,263
27,11
37,1009
53,60
56,46
68,70
73,90
80,65
88,73
89,83
92,556
93,190
95,1418
96,133
103,135
112,95
114,154
115,117
120,145
126,92
132,120
149,132
151,142
153,682
154,477
157,1224
160,165
165,219
171,172
174,231
175,162
181,608
194,439
199,171
202,207
205,198
220,225
223,1472
241,1569
251,249
253,199
260,261
261,260
270,1609
273,301
274,282
279,104
283,307
286,303
290,267
293,276
297,294
298,275
302,1657
307,289
323,1179
326,1334
345,350
349,332
372,368
375,373
387,685
388,362
391,382
395,1335
412,1467
416,464
426,501
427,487
456,551
457,148
459,531
467,1080
470,343
471,506
476,538
479,439
485,1135
503,435
514,417
515,605
529,1059
530,534
533,537
535,494
536,442
543,12
544,513
559,455
560,564
587,466
592,636
606,706
634,604
639,676
640,615
642,661
643,662
651,589
680,650
687,200
690,703
699,709
700,266
703,694
708,715
723,800
724,1531
727,978
745,752
750,748
751,738
753,759
761,1594
769,1411
780,479
799,789
804,849
815,827
816,1590
817,1659
825,838
830,1398
835,793
838,1101
841,829
855,798
858,541
868,866
876,1703
877,888
879,893
881,299
882,890
883,923
889,878
891,910
895,252
910,26
913,978
914,896
916,896
923,876
937,943
938,990
949,953
950,621
958,966
961,965
973,989
974,840
975,998
985,987
987,1210
995,977
1005,1009
1011,1040
1017,1032
1020,1029
1021,1454
1022,1043
1030,949
1033,1022
1035,1029
1037,1614
1049,1044
1054,1053
1057,1062
1063,1086
1064,1070
1068,1015
1073,1594
1078,1092
1079,299
1084,1220
1089,1091
1092,1079
1093,1088
1094,714
1096,1100
1101,1063
1102,1088
1109,1107
1119,1145
1122,1149
1126,1209
1128,1064
1134,1018
1135,280
1137,1120
1142,1120
1146,1141
1149,1153
1159,1174
1160,1180
1166,1182
1168,1194
1184,1162
1194,1159
1200,567
1212,209
1217,939
1222,209
1223,1271
1227,1312
1237,1247
1241,1245
1242,1226
1249,1233
1264,1206
1287,897
1288,1279
1301,711
1307,1285
1308,1271
1316,1328
1324,762
1328,1330
1329,1339
1345,1338
1360,1376
1365,1465
1370,1360
1372,1223
1375,1367
1376,1366
1377,1365
1381,1369
1390,1402
1394,1395
1396,1397
1397,1391
1400,1409
1401,1389
1402,1403
1424,1464
1425,1432
1426,1458
1441,1042
1452,1442
1457,1433
1465,637
1479,1458
1491,1374
1494,1501
1498,1525
1503,1495
1504,1502
1540,330
1552,1547
1558,1581
1568,1594
1588,1609
1601,1569
1609,1595
1613,1599
1614,1561
1627,1659
1628,1653
1632,756
1634,1637
1647,1645
1652,1662
1653,1173
1661,1639
1663,1678
1671,1670
1683,1677
1694,734
1696,1700
1718,749
1720,1730
1726,1715
1731,1724
27,7
53,59
56,38
80,23
88,783
89,65
96,126
103,112
112,139
114,149
115,1265
120,367
126,114
132,112
154,1536
157,1169
160,158
165,254
171,174
174,1178
181,638
199,223
202,205
205,199
220,257
223,1680
251,189
260,172
261,294
273,284
274,267
283,584
293,1470
297,306
298,668
345,327
349,355
372,404
375,369
388,369
391,401
416,1416
426,196
427,419
456,97
457,823
459,505
476,511
530,471
533,436
535,614
544,457
560,579
592,608
634,617
639,606
640,676
642,582
643,1278
651,584
690,412
699,694
703,646
708,716
745,125
750,729
751,742
753,757
804,643
825,818
838,327
841,787
868,116
876,842
877,900
879,904
882,926
883,881
891,879
914,902
916,920
937,940
949,1578
961,967
973,996
975,619
985,983
995,974
1005,1008
1017,1031
1020,1040
1022,102
1030,1065
1033,1010
1035,1013
1054,548
1057,1050
1063,1106
1064,1096
1068,1134
1073,1475
1078,789
1084,1226
1089,1031
1092,496
1093,1105
1096,1074
1101,1110
1119,1135
1122,84
1137,569
1142,1445
1146,1130
1149,1154
1159,1176
1160,1193
1194,1545
1217,863
1223,272
1227,1202
1237,1379
1241,1297
1242,1301
1249,1214
1288,229
1308,92
1328,444
1329,1338
1345,1348
1370,63
1375,1383
1377,1369
1381,1382
1390,1260
1394,1405
1396,1413
1397,1407
1400,1417
1401,1390
1402,1398
1424,1330
1425,1441
1457,1448
1465,900
1479,1425
1494,1510
1503,1522
1504,1499
1552,1538
1558,336
1568,1560
1601,639
1609,1569
1614,193
1628,1658
1647,809
1652,749
1661,22
1671,1677
1683,903
1696,1709
1720,1194
1726,563
1731,1727
27,33
53,401
89,72
96,146
103,109
112,945
114,123
115,1184
126,120
132,93
154,630
160,235
171,256
199,1218
202,201
205,227
220,253
251,868
260,205
261,298
273,67
274,157
293,99
297,1001
345,1675
349,320
375,362
388,1571
391,367
416,931
426,209
427,500
459,1026
476,1413
530,485
544,1123
592,639
634,727
639,633
640,652
642,654
643,1293
651,624
690,37
699,688
703,611
708,699
750,742
751,741
753,1062
825,850
838,1351
876,93
877,926
879,874
882,902
883,1277
914,1469
916,914
985,978
995,988
1005,1016
1017,1073
1020,1005
1033,1023
1035,1543
1057,1051
1063,1108
1064,1071
1078,893
1084,1393
1089,973
1093,812
1101,985
1119,1149
1122,1200
1142,1046
1149,1155
1159,360
1160,493
1223,236
1227,708
1237,834
1241,1275
1242,1263
1249,672
1288,799
1375,1373
1377,1439
1381,1358
1396,215
1401,1411
1402,1396
1424,789
1465,1153
1479,474
1494,1503
1503,1507
1504,1515
1552,1336
1568,1603
1609,1586
1614,5
1628,1687
1652,758
1661,730
1720,1263
27,17
89,661
96,867
112,1199
114,119
126,116
132,106
160,211
171,245
202,213
205,161
220,231
251,1459
260,225
273,181
375,405
391,365
427,490
530,472
544,1014
592,1339
643,1151
699,1600
708,686
750,755
825,800
838,521
876,688
877,884
883,184
914,427
916,906
985,955
995,971
1005,807
1020,1523
1033,1371
1035,1441
1057,1052
1063,1080
1064,1074
1078,878
1084,632
1101,1310
1119,1143
1142,851
1149,1141
1159,43
1227,986
1237,204
1242,1258
1381,1372
1402,1420
1494,1516
1504,1001
1552,844
1568,1589
1609,1598
1614,395
1720,591
89,361
114,126
132,99
160,944
202,191
220,1402
260,161
375,360
391,1724
530,433
592,206
699,220
708,693
750,744
825,56
883,1525
995,991
1005,1071
1057,1125
1063,1102
1064,296
1119,96
1149,1143
1242,846
1402,1407
1494,1519
1552,1361
1568,467
1609,1584
202,178
260,190
375,390
530,578
708,1697
750,1364
825,773
995,1643
1063,529
1064,130
1149,1123
1402,38
1494,1514
1609,19
202,244
260,1658
375,227
530,1022
825,237
1149,1119
1494,1517
202,194
260,1491
375,716
1149,1138
1494,1682
202,1288
1149,1135
1494,507
202,32
1149,1122
